--
-- PostgreSQL database cluster dump
--

SET default_transaction_read_only = off;

SET client_encoding = 'UTF8';
SET standard_conforming_strings = on;

--
-- Roles
--

CREATE ROLE anon;
ALTER ROLE anon WITH NOSUPERUSER INHERIT NOCREATEROLE NOCREATEDB NOLOGIN NOREPLICATION NOBYPASSRLS;
CREATE ROLE authenticated;
ALTER ROLE authenticated WITH NOSUPERUSER INHERIT NOCREATEROLE NOCREATEDB NOLOGIN NOREPLICATION NOBYPASSRLS;
CREATE ROLE authenticator;
ALTER ROLE authenticator WITH NOSUPERUSER NOINHERIT NOCREATEROLE NOCREATEDB LOGIN NOREPLICATION NOBYPASSRLS;
CREATE ROLE dashboard_user;
ALTER ROLE dashboard_user WITH NOSUPERUSER INHERIT CREATEROLE CREATEDB NOLOGIN REPLICATION NOBYPASSRLS;
CREATE ROLE pgbouncer;
ALTER ROLE pgbouncer WITH NOSUPERUSER INHERIT NOCREATEROLE NOCREATEDB LOGIN NOREPLICATION NOBYPASSRLS;
CREATE ROLE pgsodium_keyholder;
ALTER ROLE pgsodium_keyholder WITH NOSUPERUSER INHERIT NOCREATEROLE NOCREATEDB NOLOGIN NOREPLICATION NOBYPASSRLS;
CREATE ROLE pgsodium_keyiduser;
ALTER ROLE pgsodium_keyiduser WITH NOSUPERUSER INHERIT NOCREATEROLE NOCREATEDB NOLOGIN NOREPLICATION NOBYPASSRLS;
CREATE ROLE pgsodium_keymaker;
ALTER ROLE pgsodium_keymaker WITH NOSUPERUSER INHERIT NOCREATEROLE NOCREATEDB NOLOGIN NOREPLICATION NOBYPASSRLS;
CREATE ROLE postgres;
ALTER ROLE postgres WITH NOSUPERUSER INHERIT CREATEROLE CREATEDB LOGIN REPLICATION BYPASSRLS;
CREATE ROLE service_role;
ALTER ROLE service_role WITH NOSUPERUSER INHERIT NOCREATEROLE NOCREATEDB NOLOGIN NOREPLICATION BYPASSRLS;
CREATE ROLE supabase_admin;
ALTER ROLE supabase_admin WITH SUPERUSER INHERIT CREATEROLE CREATEDB LOGIN REPLICATION BYPASSRLS;
CREATE ROLE supabase_auth_admin;
ALTER ROLE supabase_auth_admin WITH NOSUPERUSER NOINHERIT CREATEROLE NOCREATEDB LOGIN NOREPLICATION NOBYPASSRLS;
CREATE ROLE supabase_read_only_user;
ALTER ROLE supabase_read_only_user WITH NOSUPERUSER INHERIT NOCREATEROLE NOCREATEDB LOGIN NOREPLICATION BYPASSRLS;
CREATE ROLE supabase_realtime_admin;
ALTER ROLE supabase_realtime_admin WITH NOSUPERUSER NOINHERIT NOCREATEROLE NOCREATEDB NOLOGIN NOREPLICATION NOBYPASSRLS;
CREATE ROLE supabase_replication_admin;
ALTER ROLE supabase_replication_admin WITH NOSUPERUSER INHERIT NOCREATEROLE NOCREATEDB LOGIN REPLICATION NOBYPASSRLS;
CREATE ROLE supabase_storage_admin;
ALTER ROLE supabase_storage_admin WITH NOSUPERUSER NOINHERIT CREATEROLE NOCREATEDB LOGIN NOREPLICATION NOBYPASSRLS;

--
-- User Configurations
--

--
-- User Config "anon"
--

ALTER ROLE anon SET statement_timeout TO '3s';

--
-- User Config "authenticated"
--

ALTER ROLE authenticated SET statement_timeout TO '8s';

--
-- User Config "authenticator"
--

ALTER ROLE authenticator SET session_preload_libraries TO 'safeupdate';
ALTER ROLE authenticator SET statement_timeout TO '8s';
ALTER ROLE authenticator SET lock_timeout TO '8s';

--
-- User Config "postgres"
--

ALTER ROLE postgres SET search_path TO E'\\$user', 'public', 'extensions';

--
-- User Config "supabase_admin"
--

ALTER ROLE supabase_admin SET search_path TO '$user', 'public', 'auth', 'extensions';

--
-- User Config "supabase_auth_admin"
--

ALTER ROLE supabase_auth_admin SET search_path TO 'auth';
ALTER ROLE supabase_auth_admin SET idle_in_transaction_session_timeout TO '60000';

--
-- User Config "supabase_storage_admin"
--

ALTER ROLE supabase_storage_admin SET search_path TO 'storage';


--
-- Role memberships
--

GRANT anon TO authenticator GRANTED BY postgres;
GRANT anon TO postgres GRANTED BY supabase_admin;
GRANT authenticated TO authenticator GRANTED BY postgres;
GRANT authenticated TO postgres GRANTED BY supabase_admin;
GRANT authenticator TO supabase_storage_admin GRANTED BY supabase_admin;
GRANT pg_monitor TO postgres GRANTED BY supabase_admin;
GRANT pg_read_all_data TO postgres GRANTED BY supabase_admin;
GRANT pg_read_all_data TO supabase_read_only_user GRANTED BY postgres;
GRANT pg_signal_backend TO postgres GRANTED BY supabase_admin;
GRANT pgsodium_keyholder TO pgsodium_keymaker GRANTED BY supabase_admin;
GRANT pgsodium_keyholder TO postgres WITH ADMIN OPTION GRANTED BY supabase_admin;
GRANT pgsodium_keyholder TO service_role GRANTED BY supabase_admin;
GRANT pgsodium_keyiduser TO pgsodium_keyholder GRANTED BY supabase_admin;
GRANT pgsodium_keyiduser TO pgsodium_keymaker GRANTED BY supabase_admin;
GRANT pgsodium_keyiduser TO postgres WITH ADMIN OPTION GRANTED BY supabase_admin;
GRANT pgsodium_keymaker TO postgres WITH ADMIN OPTION GRANTED BY supabase_admin;
GRANT service_role TO authenticator GRANTED BY postgres;
GRANT service_role TO postgres GRANTED BY supabase_admin;
GRANT supabase_auth_admin TO postgres GRANTED BY supabase_admin;
GRANT supabase_realtime_admin TO postgres GRANTED BY supabase_admin;
GRANT supabase_storage_admin TO postgres GRANTED BY supabase_admin;






--
-- Databases
--

--
-- Database "template1" dump
--

\connect template1

--
-- PostgreSQL database dump
--

-- Dumped from database version 15.8
-- Dumped by pg_dump version 15.10 (Debian 15.10-1.pgdg120+1)

SET statement_timeout = 0;
SET lock_timeout = 0;
SET idle_in_transaction_session_timeout = 0;
SET client_encoding = 'UTF8';
SET standard_conforming_strings = on;
SELECT pg_catalog.set_config('search_path', '', false);
SET check_function_bodies = false;
SET xmloption = content;
SET client_min_messages = warning;
SET row_security = off;

--
-- PostgreSQL database dump complete
--

--
-- Database "postgres" dump
--

\connect postgres

--
-- PostgreSQL database dump
--

-- Dumped from database version 15.8
-- Dumped by pg_dump version 15.10 (Debian 15.10-1.pgdg120+1)

SET statement_timeout = 0;
SET lock_timeout = 0;
SET idle_in_transaction_session_timeout = 0;
SET client_encoding = 'UTF8';
SET standard_conforming_strings = on;
SELECT pg_catalog.set_config('search_path', '', false);
SET check_function_bodies = false;
SET xmloption = content;
SET client_min_messages = warning;
SET row_security = off;

--
-- Name: auth; Type: SCHEMA; Schema: -; Owner: supabase_admin
--

CREATE SCHEMA auth;


ALTER SCHEMA auth OWNER TO supabase_admin;

--
-- Name: extensions; Type: SCHEMA; Schema: -; Owner: postgres
--

CREATE SCHEMA extensions;


ALTER SCHEMA extensions OWNER TO postgres;

--
-- Name: graphql; Type: SCHEMA; Schema: -; Owner: supabase_admin
--

CREATE SCHEMA graphql;


ALTER SCHEMA graphql OWNER TO supabase_admin;

--
-- Name: graphql_public; Type: SCHEMA; Schema: -; Owner: supabase_admin
--

CREATE SCHEMA graphql_public;


ALTER SCHEMA graphql_public OWNER TO supabase_admin;

--
-- Name: pgbouncer; Type: SCHEMA; Schema: -; Owner: pgbouncer
--

CREATE SCHEMA pgbouncer;


ALTER SCHEMA pgbouncer OWNER TO pgbouncer;

--
-- Name: pgsodium; Type: SCHEMA; Schema: -; Owner: supabase_admin
--

CREATE SCHEMA pgsodium;


ALTER SCHEMA pgsodium OWNER TO supabase_admin;

--
-- Name: pgsodium; Type: EXTENSION; Schema: -; Owner: -
--

CREATE EXTENSION IF NOT EXISTS pgsodium WITH SCHEMA pgsodium;


--
-- Name: EXTENSION pgsodium; Type: COMMENT; Schema: -; Owner: 
--

COMMENT ON EXTENSION pgsodium IS 'Pgsodium is a modern cryptography library for Postgres.';


--
-- Name: realtime; Type: SCHEMA; Schema: -; Owner: supabase_admin
--

CREATE SCHEMA realtime;


ALTER SCHEMA realtime OWNER TO supabase_admin;

--
-- Name: storage; Type: SCHEMA; Schema: -; Owner: supabase_admin
--

CREATE SCHEMA storage;


ALTER SCHEMA storage OWNER TO supabase_admin;

--
-- Name: vault; Type: SCHEMA; Schema: -; Owner: supabase_admin
--

CREATE SCHEMA vault;


ALTER SCHEMA vault OWNER TO supabase_admin;

--
-- Name: pg_graphql; Type: EXTENSION; Schema: -; Owner: -
--

CREATE EXTENSION IF NOT EXISTS pg_graphql WITH SCHEMA graphql;


--
-- Name: EXTENSION pg_graphql; Type: COMMENT; Schema: -; Owner: 
--

COMMENT ON EXTENSION pg_graphql IS 'pg_graphql: GraphQL support';


--
-- Name: pg_stat_statements; Type: EXTENSION; Schema: -; Owner: -
--

CREATE EXTENSION IF NOT EXISTS pg_stat_statements WITH SCHEMA extensions;


--
-- Name: EXTENSION pg_stat_statements; Type: COMMENT; Schema: -; Owner: 
--

COMMENT ON EXTENSION pg_stat_statements IS 'track planning and execution statistics of all SQL statements executed';


--
-- Name: pgcrypto; Type: EXTENSION; Schema: -; Owner: -
--

CREATE EXTENSION IF NOT EXISTS pgcrypto WITH SCHEMA extensions;


--
-- Name: EXTENSION pgcrypto; Type: COMMENT; Schema: -; Owner: 
--

COMMENT ON EXTENSION pgcrypto IS 'cryptographic functions';


--
-- Name: pgjwt; Type: EXTENSION; Schema: -; Owner: -
--

CREATE EXTENSION IF NOT EXISTS pgjwt WITH SCHEMA extensions;


--
-- Name: EXTENSION pgjwt; Type: COMMENT; Schema: -; Owner: 
--

COMMENT ON EXTENSION pgjwt IS 'JSON Web Token API for Postgresql';


--
-- Name: supabase_vault; Type: EXTENSION; Schema: -; Owner: -
--

CREATE EXTENSION IF NOT EXISTS supabase_vault WITH SCHEMA vault;


--
-- Name: EXTENSION supabase_vault; Type: COMMENT; Schema: -; Owner: 
--

COMMENT ON EXTENSION supabase_vault IS 'Supabase Vault Extension';


--
-- Name: uuid-ossp; Type: EXTENSION; Schema: -; Owner: -
--

CREATE EXTENSION IF NOT EXISTS "uuid-ossp" WITH SCHEMA extensions;


--
-- Name: EXTENSION "uuid-ossp"; Type: COMMENT; Schema: -; Owner: 
--

COMMENT ON EXTENSION "uuid-ossp" IS 'generate universally unique identifiers (UUIDs)';


--
-- Name: aal_level; Type: TYPE; Schema: auth; Owner: supabase_auth_admin
--

CREATE TYPE auth.aal_level AS ENUM (
    'aal1',
    'aal2',
    'aal3'
);


ALTER TYPE auth.aal_level OWNER TO supabase_auth_admin;

--
-- Name: code_challenge_method; Type: TYPE; Schema: auth; Owner: supabase_auth_admin
--

CREATE TYPE auth.code_challenge_method AS ENUM (
    's256',
    'plain'
);


ALTER TYPE auth.code_challenge_method OWNER TO supabase_auth_admin;

--
-- Name: factor_status; Type: TYPE; Schema: auth; Owner: supabase_auth_admin
--

CREATE TYPE auth.factor_status AS ENUM (
    'unverified',
    'verified'
);


ALTER TYPE auth.factor_status OWNER TO supabase_auth_admin;

--
-- Name: factor_type; Type: TYPE; Schema: auth; Owner: supabase_auth_admin
--

CREATE TYPE auth.factor_type AS ENUM (
    'totp',
    'webauthn',
    'phone'
);


ALTER TYPE auth.factor_type OWNER TO supabase_auth_admin;

--
-- Name: one_time_token_type; Type: TYPE; Schema: auth; Owner: supabase_auth_admin
--

CREATE TYPE auth.one_time_token_type AS ENUM (
    'confirmation_token',
    'reauthentication_token',
    'recovery_token',
    'email_change_token_new',
    'email_change_token_current',
    'phone_change_token'
);


ALTER TYPE auth.one_time_token_type OWNER TO supabase_auth_admin;

--
-- Name: action; Type: TYPE; Schema: realtime; Owner: supabase_admin
--

CREATE TYPE realtime.action AS ENUM (
    'INSERT',
    'UPDATE',
    'DELETE',
    'TRUNCATE',
    'ERROR'
);


ALTER TYPE realtime.action OWNER TO supabase_admin;

--
-- Name: equality_op; Type: TYPE; Schema: realtime; Owner: supabase_admin
--

CREATE TYPE realtime.equality_op AS ENUM (
    'eq',
    'neq',
    'lt',
    'lte',
    'gt',
    'gte',
    'in'
);


ALTER TYPE realtime.equality_op OWNER TO supabase_admin;

--
-- Name: user_defined_filter; Type: TYPE; Schema: realtime; Owner: supabase_admin
--

CREATE TYPE realtime.user_defined_filter AS (
	column_name text,
	op realtime.equality_op,
	value text
);


ALTER TYPE realtime.user_defined_filter OWNER TO supabase_admin;

--
-- Name: wal_column; Type: TYPE; Schema: realtime; Owner: supabase_admin
--

CREATE TYPE realtime.wal_column AS (
	name text,
	type_name text,
	type_oid oid,
	value jsonb,
	is_pkey boolean,
	is_selectable boolean
);


ALTER TYPE realtime.wal_column OWNER TO supabase_admin;

--
-- Name: wal_rls; Type: TYPE; Schema: realtime; Owner: supabase_admin
--

CREATE TYPE realtime.wal_rls AS (
	wal jsonb,
	is_rls_enabled boolean,
	subscription_ids uuid[],
	errors text[]
);


ALTER TYPE realtime.wal_rls OWNER TO supabase_admin;

--
-- Name: email(); Type: FUNCTION; Schema: auth; Owner: supabase_auth_admin
--

CREATE FUNCTION auth.email() RETURNS text
    LANGUAGE sql STABLE
    AS $$
  select 
  coalesce(
    nullif(current_setting('request.jwt.claim.email', true), ''),
    (nullif(current_setting('request.jwt.claims', true), '')::jsonb ->> 'email')
  )::text
$$;


ALTER FUNCTION auth.email() OWNER TO supabase_auth_admin;

--
-- Name: FUNCTION email(); Type: COMMENT; Schema: auth; Owner: supabase_auth_admin
--

COMMENT ON FUNCTION auth.email() IS 'Deprecated. Use auth.jwt() -> ''email'' instead.';


--
-- Name: jwt(); Type: FUNCTION; Schema: auth; Owner: supabase_auth_admin
--

CREATE FUNCTION auth.jwt() RETURNS jsonb
    LANGUAGE sql STABLE
    AS $$
  select 
    coalesce(
        nullif(current_setting('request.jwt.claim', true), ''),
        nullif(current_setting('request.jwt.claims', true), '')
    )::jsonb
$$;


ALTER FUNCTION auth.jwt() OWNER TO supabase_auth_admin;

--
-- Name: role(); Type: FUNCTION; Schema: auth; Owner: supabase_auth_admin
--

CREATE FUNCTION auth.role() RETURNS text
    LANGUAGE sql STABLE
    AS $$
  select 
  coalesce(
    nullif(current_setting('request.jwt.claim.role', true), ''),
    (nullif(current_setting('request.jwt.claims', true), '')::jsonb ->> 'role')
  )::text
$$;


ALTER FUNCTION auth.role() OWNER TO supabase_auth_admin;

--
-- Name: FUNCTION role(); Type: COMMENT; Schema: auth; Owner: supabase_auth_admin
--

COMMENT ON FUNCTION auth.role() IS 'Deprecated. Use auth.jwt() -> ''role'' instead.';


--
-- Name: uid(); Type: FUNCTION; Schema: auth; Owner: supabase_auth_admin
--

CREATE FUNCTION auth.uid() RETURNS uuid
    LANGUAGE sql STABLE
    AS $$
  select 
  coalesce(
    nullif(current_setting('request.jwt.claim.sub', true), ''),
    (nullif(current_setting('request.jwt.claims', true), '')::jsonb ->> 'sub')
  )::uuid
$$;


ALTER FUNCTION auth.uid() OWNER TO supabase_auth_admin;

--
-- Name: FUNCTION uid(); Type: COMMENT; Schema: auth; Owner: supabase_auth_admin
--

COMMENT ON FUNCTION auth.uid() IS 'Deprecated. Use auth.jwt() -> ''sub'' instead.';


--
-- Name: grant_pg_cron_access(); Type: FUNCTION; Schema: extensions; Owner: postgres
--

CREATE FUNCTION extensions.grant_pg_cron_access() RETURNS event_trigger
    LANGUAGE plpgsql
    AS $$
BEGIN
  IF EXISTS (
    SELECT
    FROM pg_event_trigger_ddl_commands() AS ev
    JOIN pg_extension AS ext
    ON ev.objid = ext.oid
    WHERE ext.extname = 'pg_cron'
  )
  THEN
    grant usage on schema cron to postgres with grant option;

    alter default privileges in schema cron grant all on tables to postgres with grant option;
    alter default privileges in schema cron grant all on functions to postgres with grant option;
    alter default privileges in schema cron grant all on sequences to postgres with grant option;

    alter default privileges for user supabase_admin in schema cron grant all
        on sequences to postgres with grant option;
    alter default privileges for user supabase_admin in schema cron grant all
        on tables to postgres with grant option;
    alter default privileges for user supabase_admin in schema cron grant all
        on functions to postgres with grant option;

    grant all privileges on all tables in schema cron to postgres with grant option;
    revoke all on table cron.job from postgres;
    grant select on table cron.job to postgres with grant option;
  END IF;
END;
$$;


ALTER FUNCTION extensions.grant_pg_cron_access() OWNER TO postgres;

--
-- Name: FUNCTION grant_pg_cron_access(); Type: COMMENT; Schema: extensions; Owner: postgres
--

COMMENT ON FUNCTION extensions.grant_pg_cron_access() IS 'Grants access to pg_cron';


--
-- Name: grant_pg_graphql_access(); Type: FUNCTION; Schema: extensions; Owner: supabase_admin
--

CREATE FUNCTION extensions.grant_pg_graphql_access() RETURNS event_trigger
    LANGUAGE plpgsql
    AS $_$
DECLARE
    func_is_graphql_resolve bool;
BEGIN
    func_is_graphql_resolve = (
        SELECT n.proname = 'resolve'
        FROM pg_event_trigger_ddl_commands() AS ev
        LEFT JOIN pg_catalog.pg_proc AS n
        ON ev.objid = n.oid
    );

    IF func_is_graphql_resolve
    THEN
        -- Update public wrapper to pass all arguments through to the pg_graphql resolve func
        DROP FUNCTION IF EXISTS graphql_public.graphql;
        create or replace function graphql_public.graphql(
            "operationName" text default null,
            query text default null,
            variables jsonb default null,
            extensions jsonb default null
        )
            returns jsonb
            language sql
        as $$
            select graphql.resolve(
                query := query,
                variables := coalesce(variables, '{}'),
                "operationName" := "operationName",
                extensions := extensions
            );
        $$;

        -- This hook executes when `graphql.resolve` is created. That is not necessarily the last
        -- function in the extension so we need to grant permissions on existing entities AND
        -- update default permissions to any others that are created after `graphql.resolve`
        grant usage on schema graphql to postgres, anon, authenticated, service_role;
        grant select on all tables in schema graphql to postgres, anon, authenticated, service_role;
        grant execute on all functions in schema graphql to postgres, anon, authenticated, service_role;
        grant all on all sequences in schema graphql to postgres, anon, authenticated, service_role;
        alter default privileges in schema graphql grant all on tables to postgres, anon, authenticated, service_role;
        alter default privileges in schema graphql grant all on functions to postgres, anon, authenticated, service_role;
        alter default privileges in schema graphql grant all on sequences to postgres, anon, authenticated, service_role;

        -- Allow postgres role to allow granting usage on graphql and graphql_public schemas to custom roles
        grant usage on schema graphql_public to postgres with grant option;
        grant usage on schema graphql to postgres with grant option;
    END IF;

END;
$_$;


ALTER FUNCTION extensions.grant_pg_graphql_access() OWNER TO supabase_admin;

--
-- Name: FUNCTION grant_pg_graphql_access(); Type: COMMENT; Schema: extensions; Owner: supabase_admin
--

COMMENT ON FUNCTION extensions.grant_pg_graphql_access() IS 'Grants access to pg_graphql';


--
-- Name: grant_pg_net_access(); Type: FUNCTION; Schema: extensions; Owner: postgres
--

CREATE FUNCTION extensions.grant_pg_net_access() RETURNS event_trigger
    LANGUAGE plpgsql
    AS $$
BEGIN
  IF EXISTS (
    SELECT 1
    FROM pg_event_trigger_ddl_commands() AS ev
    JOIN pg_extension AS ext
    ON ev.objid = ext.oid
    WHERE ext.extname = 'pg_net'
  )
  THEN
    IF NOT EXISTS (
      SELECT 1
      FROM pg_roles
      WHERE rolname = 'supabase_functions_admin'
    )
    THEN
      CREATE USER supabase_functions_admin NOINHERIT CREATEROLE LOGIN NOREPLICATION;
    END IF;

    GRANT USAGE ON SCHEMA net TO supabase_functions_admin, postgres, anon, authenticated, service_role;

    ALTER function net.http_get(url text, params jsonb, headers jsonb, timeout_milliseconds integer) SECURITY DEFINER;
    ALTER function net.http_post(url text, body jsonb, params jsonb, headers jsonb, timeout_milliseconds integer) SECURITY DEFINER;

    ALTER function net.http_get(url text, params jsonb, headers jsonb, timeout_milliseconds integer) SET search_path = net;
    ALTER function net.http_post(url text, body jsonb, params jsonb, headers jsonb, timeout_milliseconds integer) SET search_path = net;

    REVOKE ALL ON FUNCTION net.http_get(url text, params jsonb, headers jsonb, timeout_milliseconds integer) FROM PUBLIC;
    REVOKE ALL ON FUNCTION net.http_post(url text, body jsonb, params jsonb, headers jsonb, timeout_milliseconds integer) FROM PUBLIC;

    GRANT EXECUTE ON FUNCTION net.http_get(url text, params jsonb, headers jsonb, timeout_milliseconds integer) TO supabase_functions_admin, postgres, anon, authenticated, service_role;
    GRANT EXECUTE ON FUNCTION net.http_post(url text, body jsonb, params jsonb, headers jsonb, timeout_milliseconds integer) TO supabase_functions_admin, postgres, anon, authenticated, service_role;
  END IF;
END;
$$;


ALTER FUNCTION extensions.grant_pg_net_access() OWNER TO postgres;

--
-- Name: FUNCTION grant_pg_net_access(); Type: COMMENT; Schema: extensions; Owner: postgres
--

COMMENT ON FUNCTION extensions.grant_pg_net_access() IS 'Grants access to pg_net';


--
-- Name: pgrst_ddl_watch(); Type: FUNCTION; Schema: extensions; Owner: supabase_admin
--

CREATE FUNCTION extensions.pgrst_ddl_watch() RETURNS event_trigger
    LANGUAGE plpgsql
    AS $$
DECLARE
  cmd record;
BEGIN
  FOR cmd IN SELECT * FROM pg_event_trigger_ddl_commands()
  LOOP
    IF cmd.command_tag IN (
      'CREATE SCHEMA', 'ALTER SCHEMA'
    , 'CREATE TABLE', 'CREATE TABLE AS', 'SELECT INTO', 'ALTER TABLE'
    , 'CREATE FOREIGN TABLE', 'ALTER FOREIGN TABLE'
    , 'CREATE VIEW', 'ALTER VIEW'
    , 'CREATE MATERIALIZED VIEW', 'ALTER MATERIALIZED VIEW'
    , 'CREATE FUNCTION', 'ALTER FUNCTION'
    , 'CREATE TRIGGER'
    , 'CREATE TYPE', 'ALTER TYPE'
    , 'CREATE RULE'
    , 'COMMENT'
    )
    -- don't notify in case of CREATE TEMP table or other objects created on pg_temp
    AND cmd.schema_name is distinct from 'pg_temp'
    THEN
      NOTIFY pgrst, 'reload schema';
    END IF;
  END LOOP;
END; $$;


ALTER FUNCTION extensions.pgrst_ddl_watch() OWNER TO supabase_admin;

--
-- Name: pgrst_drop_watch(); Type: FUNCTION; Schema: extensions; Owner: supabase_admin
--

CREATE FUNCTION extensions.pgrst_drop_watch() RETURNS event_trigger
    LANGUAGE plpgsql
    AS $$
DECLARE
  obj record;
BEGIN
  FOR obj IN SELECT * FROM pg_event_trigger_dropped_objects()
  LOOP
    IF obj.object_type IN (
      'schema'
    , 'table'
    , 'foreign table'
    , 'view'
    , 'materialized view'
    , 'function'
    , 'trigger'
    , 'type'
    , 'rule'
    )
    AND obj.is_temporary IS false -- no pg_temp objects
    THEN
      NOTIFY pgrst, 'reload schema';
    END IF;
  END LOOP;
END; $$;


ALTER FUNCTION extensions.pgrst_drop_watch() OWNER TO supabase_admin;

--
-- Name: set_graphql_placeholder(); Type: FUNCTION; Schema: extensions; Owner: supabase_admin
--

CREATE FUNCTION extensions.set_graphql_placeholder() RETURNS event_trigger
    LANGUAGE plpgsql
    AS $_$
    DECLARE
    graphql_is_dropped bool;
    BEGIN
    graphql_is_dropped = (
        SELECT ev.schema_name = 'graphql_public'
        FROM pg_event_trigger_dropped_objects() AS ev
        WHERE ev.schema_name = 'graphql_public'
    );

    IF graphql_is_dropped
    THEN
        create or replace function graphql_public.graphql(
            "operationName" text default null,
            query text default null,
            variables jsonb default null,
            extensions jsonb default null
        )
            returns jsonb
            language plpgsql
        as $$
            DECLARE
                server_version float;
            BEGIN
                server_version = (SELECT (SPLIT_PART((select version()), ' ', 2))::float);

                IF server_version >= 14 THEN
                    RETURN jsonb_build_object(
                        'errors', jsonb_build_array(
                            jsonb_build_object(
                                'message', 'pg_graphql extension is not enabled.'
                            )
                        )
                    );
                ELSE
                    RETURN jsonb_build_object(
                        'errors', jsonb_build_array(
                            jsonb_build_object(
                                'message', 'pg_graphql is only available on projects running Postgres 14 onwards.'
                            )
                        )
                    );
                END IF;
            END;
        $$;
    END IF;

    END;
$_$;


ALTER FUNCTION extensions.set_graphql_placeholder() OWNER TO supabase_admin;

--
-- Name: FUNCTION set_graphql_placeholder(); Type: COMMENT; Schema: extensions; Owner: supabase_admin
--

COMMENT ON FUNCTION extensions.set_graphql_placeholder() IS 'Reintroduces placeholder function for graphql_public.graphql';


--
-- Name: get_auth(text); Type: FUNCTION; Schema: pgbouncer; Owner: postgres
--

CREATE FUNCTION pgbouncer.get_auth(p_usename text) RETURNS TABLE(username text, password text)
    LANGUAGE plpgsql SECURITY DEFINER
    AS $$
BEGIN
    RAISE WARNING 'PgBouncer auth request: %', p_usename;

    RETURN QUERY
    SELECT usename::TEXT, passwd::TEXT FROM pg_catalog.pg_shadow
    WHERE usename = p_usename;
END;
$$;


ALTER FUNCTION pgbouncer.get_auth(p_usename text) OWNER TO postgres;

--
-- Name: handle_new_user(); Type: FUNCTION; Schema: public; Owner: postgres
--

CREATE FUNCTION public.handle_new_user() RETURNS trigger
    LANGUAGE plpgsql SECURITY DEFINER
    SET search_path TO ''
    AS $$
begin
  insert into public.profiles (id, name)
  values (new.id, new.raw_user_meta_data->>'name');
  return new;
end;
$$;


ALTER FUNCTION public.handle_new_user() OWNER TO postgres;

--
-- Name: apply_rls(jsonb, integer); Type: FUNCTION; Schema: realtime; Owner: supabase_admin
--

CREATE FUNCTION realtime.apply_rls(wal jsonb, max_record_bytes integer DEFAULT (1024 * 1024)) RETURNS SETOF realtime.wal_rls
    LANGUAGE plpgsql
    AS $$
declare
-- Regclass of the table e.g. public.notes
entity_ regclass = (quote_ident(wal ->> 'schema') || '.' || quote_ident(wal ->> 'table'))::regclass;

-- I, U, D, T: insert, update ...
action realtime.action = (
    case wal ->> 'action'
        when 'I' then 'INSERT'
        when 'U' then 'UPDATE'
        when 'D' then 'DELETE'
        else 'ERROR'
    end
);

-- Is row level security enabled for the table
is_rls_enabled bool = relrowsecurity from pg_class where oid = entity_;

subscriptions realtime.subscription[] = array_agg(subs)
    from
        realtime.subscription subs
    where
        subs.entity = entity_;

-- Subscription vars
roles regrole[] = array_agg(distinct us.claims_role::text)
    from
        unnest(subscriptions) us;

working_role regrole;
claimed_role regrole;
claims jsonb;

subscription_id uuid;
subscription_has_access bool;
visible_to_subscription_ids uuid[] = '{}';

-- structured info for wal's columns
columns realtime.wal_column[];
-- previous identity values for update/delete
old_columns realtime.wal_column[];

error_record_exceeds_max_size boolean = octet_length(wal::text) > max_record_bytes;

-- Primary jsonb output for record
output jsonb;

begin
perform set_config('role', null, true);

columns =
    array_agg(
        (
            x->>'name',
            x->>'type',
            x->>'typeoid',
            realtime.cast(
                (x->'value') #>> '{}',
                coalesce(
                    (x->>'typeoid')::regtype, -- null when wal2json version <= 2.4
                    (x->>'type')::regtype
                )
            ),
            (pks ->> 'name') is not null,
            true
        )::realtime.wal_column
    )
    from
        jsonb_array_elements(wal -> 'columns') x
        left join jsonb_array_elements(wal -> 'pk') pks
            on (x ->> 'name') = (pks ->> 'name');

old_columns =
    array_agg(
        (
            x->>'name',
            x->>'type',
            x->>'typeoid',
            realtime.cast(
                (x->'value') #>> '{}',
                coalesce(
                    (x->>'typeoid')::regtype, -- null when wal2json version <= 2.4
                    (x->>'type')::regtype
                )
            ),
            (pks ->> 'name') is not null,
            true
        )::realtime.wal_column
    )
    from
        jsonb_array_elements(wal -> 'identity') x
        left join jsonb_array_elements(wal -> 'pk') pks
            on (x ->> 'name') = (pks ->> 'name');

for working_role in select * from unnest(roles) loop

    -- Update `is_selectable` for columns and old_columns
    columns =
        array_agg(
            (
                c.name,
                c.type_name,
                c.type_oid,
                c.value,
                c.is_pkey,
                pg_catalog.has_column_privilege(working_role, entity_, c.name, 'SELECT')
            )::realtime.wal_column
        )
        from
            unnest(columns) c;

    old_columns =
            array_agg(
                (
                    c.name,
                    c.type_name,
                    c.type_oid,
                    c.value,
                    c.is_pkey,
                    pg_catalog.has_column_privilege(working_role, entity_, c.name, 'SELECT')
                )::realtime.wal_column
            )
            from
                unnest(old_columns) c;

    if action <> 'DELETE' and count(1) = 0 from unnest(columns) c where c.is_pkey then
        return next (
            jsonb_build_object(
                'schema', wal ->> 'schema',
                'table', wal ->> 'table',
                'type', action
            ),
            is_rls_enabled,
            -- subscriptions is already filtered by entity
            (select array_agg(s.subscription_id) from unnest(subscriptions) as s where claims_role = working_role),
            array['Error 400: Bad Request, no primary key']
        )::realtime.wal_rls;

    -- The claims role does not have SELECT permission to the primary key of entity
    elsif action <> 'DELETE' and sum(c.is_selectable::int) <> count(1) from unnest(columns) c where c.is_pkey then
        return next (
            jsonb_build_object(
                'schema', wal ->> 'schema',
                'table', wal ->> 'table',
                'type', action
            ),
            is_rls_enabled,
            (select array_agg(s.subscription_id) from unnest(subscriptions) as s where claims_role = working_role),
            array['Error 401: Unauthorized']
        )::realtime.wal_rls;

    else
        output = jsonb_build_object(
            'schema', wal ->> 'schema',
            'table', wal ->> 'table',
            'type', action,
            'commit_timestamp', to_char(
                ((wal ->> 'timestamp')::timestamptz at time zone 'utc'),
                'YYYY-MM-DD"T"HH24:MI:SS.MS"Z"'
            ),
            'columns', (
                select
                    jsonb_agg(
                        jsonb_build_object(
                            'name', pa.attname,
                            'type', pt.typname
                        )
                        order by pa.attnum asc
                    )
                from
                    pg_attribute pa
                    join pg_type pt
                        on pa.atttypid = pt.oid
                where
                    attrelid = entity_
                    and attnum > 0
                    and pg_catalog.has_column_privilege(working_role, entity_, pa.attname, 'SELECT')
            )
        )
        -- Add "record" key for insert and update
        || case
            when action in ('INSERT', 'UPDATE') then
                jsonb_build_object(
                    'record',
                    (
                        select
                            jsonb_object_agg(
                                -- if unchanged toast, get column name and value from old record
                                coalesce((c).name, (oc).name),
                                case
                                    when (c).name is null then (oc).value
                                    else (c).value
                                end
                            )
                        from
                            unnest(columns) c
                            full outer join unnest(old_columns) oc
                                on (c).name = (oc).name
                        where
                            coalesce((c).is_selectable, (oc).is_selectable)
                            and ( not error_record_exceeds_max_size or (octet_length((c).value::text) <= 64))
                    )
                )
            else '{}'::jsonb
        end
        -- Add "old_record" key for update and delete
        || case
            when action = 'UPDATE' then
                jsonb_build_object(
                        'old_record',
                        (
                            select jsonb_object_agg((c).name, (c).value)
                            from unnest(old_columns) c
                            where
                                (c).is_selectable
                                and ( not error_record_exceeds_max_size or (octet_length((c).value::text) <= 64))
                        )
                    )
            when action = 'DELETE' then
                jsonb_build_object(
                    'old_record',
                    (
                        select jsonb_object_agg((c).name, (c).value)
                        from unnest(old_columns) c
                        where
                            (c).is_selectable
                            and ( not error_record_exceeds_max_size or (octet_length((c).value::text) <= 64))
                            and ( not is_rls_enabled or (c).is_pkey ) -- if RLS enabled, we can't secure deletes so filter to pkey
                    )
                )
            else '{}'::jsonb
        end;

        -- Create the prepared statement
        if is_rls_enabled and action <> 'DELETE' then
            if (select 1 from pg_prepared_statements where name = 'walrus_rls_stmt' limit 1) > 0 then
                deallocate walrus_rls_stmt;
            end if;
            execute realtime.build_prepared_statement_sql('walrus_rls_stmt', entity_, columns);
        end if;

        visible_to_subscription_ids = '{}';

        for subscription_id, claims in (
                select
                    subs.subscription_id,
                    subs.claims
                from
                    unnest(subscriptions) subs
                where
                    subs.entity = entity_
                    and subs.claims_role = working_role
                    and (
                        realtime.is_visible_through_filters(columns, subs.filters)
                        or (
                          action = 'DELETE'
                          and realtime.is_visible_through_filters(old_columns, subs.filters)
                        )
                    )
        ) loop

            if not is_rls_enabled or action = 'DELETE' then
                visible_to_subscription_ids = visible_to_subscription_ids || subscription_id;
            else
                -- Check if RLS allows the role to see the record
                perform
                    -- Trim leading and trailing quotes from working_role because set_config
                    -- doesn't recognize the role as valid if they are included
                    set_config('role', trim(both '"' from working_role::text), true),
                    set_config('request.jwt.claims', claims::text, true);

                execute 'execute walrus_rls_stmt' into subscription_has_access;

                if subscription_has_access then
                    visible_to_subscription_ids = visible_to_subscription_ids || subscription_id;
                end if;
            end if;
        end loop;

        perform set_config('role', null, true);

        return next (
            output,
            is_rls_enabled,
            visible_to_subscription_ids,
            case
                when error_record_exceeds_max_size then array['Error 413: Payload Too Large']
                else '{}'
            end
        )::realtime.wal_rls;

    end if;
end loop;

perform set_config('role', null, true);
end;
$$;


ALTER FUNCTION realtime.apply_rls(wal jsonb, max_record_bytes integer) OWNER TO supabase_admin;

--
-- Name: broadcast_changes(text, text, text, text, text, record, record, text); Type: FUNCTION; Schema: realtime; Owner: supabase_admin
--

CREATE FUNCTION realtime.broadcast_changes(topic_name text, event_name text, operation text, table_name text, table_schema text, new record, old record, level text DEFAULT 'ROW'::text) RETURNS void
    LANGUAGE plpgsql
    AS $$
DECLARE
    -- Declare a variable to hold the JSONB representation of the row
    row_data jsonb := '{}'::jsonb;
BEGIN
    IF level = 'STATEMENT' THEN
        RAISE EXCEPTION 'function can only be triggered for each row, not for each statement';
    END IF;
    -- Check the operation type and handle accordingly
    IF operation = 'INSERT' OR operation = 'UPDATE' OR operation = 'DELETE' THEN
        row_data := jsonb_build_object('old_record', OLD, 'record', NEW, 'operation', operation, 'table', table_name, 'schema', table_schema);
        PERFORM realtime.send (row_data, event_name, topic_name);
    ELSE
        RAISE EXCEPTION 'Unexpected operation type: %', operation;
    END IF;
EXCEPTION
    WHEN OTHERS THEN
        RAISE EXCEPTION 'Failed to process the row: %', SQLERRM;
END;

$$;


ALTER FUNCTION realtime.broadcast_changes(topic_name text, event_name text, operation text, table_name text, table_schema text, new record, old record, level text) OWNER TO supabase_admin;

--
-- Name: build_prepared_statement_sql(text, regclass, realtime.wal_column[]); Type: FUNCTION; Schema: realtime; Owner: supabase_admin
--

CREATE FUNCTION realtime.build_prepared_statement_sql(prepared_statement_name text, entity regclass, columns realtime.wal_column[]) RETURNS text
    LANGUAGE sql
    AS $$
      /*
      Builds a sql string that, if executed, creates a prepared statement to
      tests retrive a row from *entity* by its primary key columns.
      Example
          select realtime.build_prepared_statement_sql('public.notes', '{"id"}'::text[], '{"bigint"}'::text[])
      */
          select
      'prepare ' || prepared_statement_name || ' as
          select
              exists(
                  select
                      1
                  from
                      ' || entity || '
                  where
                      ' || string_agg(quote_ident(pkc.name) || '=' || quote_nullable(pkc.value #>> '{}') , ' and ') || '
              )'
          from
              unnest(columns) pkc
          where
              pkc.is_pkey
          group by
              entity
      $$;


ALTER FUNCTION realtime.build_prepared_statement_sql(prepared_statement_name text, entity regclass, columns realtime.wal_column[]) OWNER TO supabase_admin;

--
-- Name: cast(text, regtype); Type: FUNCTION; Schema: realtime; Owner: supabase_admin
--

CREATE FUNCTION realtime."cast"(val text, type_ regtype) RETURNS jsonb
    LANGUAGE plpgsql IMMUTABLE
    AS $$
    declare
      res jsonb;
    begin
      execute format('select to_jsonb(%L::'|| type_::text || ')', val)  into res;
      return res;
    end
    $$;


ALTER FUNCTION realtime."cast"(val text, type_ regtype) OWNER TO supabase_admin;

--
-- Name: check_equality_op(realtime.equality_op, regtype, text, text); Type: FUNCTION; Schema: realtime; Owner: supabase_admin
--

CREATE FUNCTION realtime.check_equality_op(op realtime.equality_op, type_ regtype, val_1 text, val_2 text) RETURNS boolean
    LANGUAGE plpgsql IMMUTABLE
    AS $$
      /*
      Casts *val_1* and *val_2* as type *type_* and check the *op* condition for truthiness
      */
      declare
          op_symbol text = (
              case
                  when op = 'eq' then '='
                  when op = 'neq' then '!='
                  when op = 'lt' then '<'
                  when op = 'lte' then '<='
                  when op = 'gt' then '>'
                  when op = 'gte' then '>='
                  when op = 'in' then '= any'
                  else 'UNKNOWN OP'
              end
          );
          res boolean;
      begin
          execute format(
              'select %L::'|| type_::text || ' ' || op_symbol
              || ' ( %L::'
              || (
                  case
                      when op = 'in' then type_::text || '[]'
                      else type_::text end
              )
              || ')', val_1, val_2) into res;
          return res;
      end;
      $$;


ALTER FUNCTION realtime.check_equality_op(op realtime.equality_op, type_ regtype, val_1 text, val_2 text) OWNER TO supabase_admin;

--
-- Name: is_visible_through_filters(realtime.wal_column[], realtime.user_defined_filter[]); Type: FUNCTION; Schema: realtime; Owner: supabase_admin
--

CREATE FUNCTION realtime.is_visible_through_filters(columns realtime.wal_column[], filters realtime.user_defined_filter[]) RETURNS boolean
    LANGUAGE sql IMMUTABLE
    AS $_$
    /*
    Should the record be visible (true) or filtered out (false) after *filters* are applied
    */
        select
            -- Default to allowed when no filters present
            $2 is null -- no filters. this should not happen because subscriptions has a default
            or array_length($2, 1) is null -- array length of an empty array is null
            or bool_and(
                coalesce(
                    realtime.check_equality_op(
                        op:=f.op,
                        type_:=coalesce(
                            col.type_oid::regtype, -- null when wal2json version <= 2.4
                            col.type_name::regtype
                        ),
                        -- cast jsonb to text
                        val_1:=col.value #>> '{}',
                        val_2:=f.value
                    ),
                    false -- if null, filter does not match
                )
            )
        from
            unnest(filters) f
            join unnest(columns) col
                on f.column_name = col.name;
    $_$;


ALTER FUNCTION realtime.is_visible_through_filters(columns realtime.wal_column[], filters realtime.user_defined_filter[]) OWNER TO supabase_admin;

--
-- Name: list_changes(name, name, integer, integer); Type: FUNCTION; Schema: realtime; Owner: supabase_admin
--

CREATE FUNCTION realtime.list_changes(publication name, slot_name name, max_changes integer, max_record_bytes integer) RETURNS SETOF realtime.wal_rls
    LANGUAGE sql
    SET log_min_messages TO 'fatal'
    AS $$
      with pub as (
        select
          concat_ws(
            ',',
            case when bool_or(pubinsert) then 'insert' else null end,
            case when bool_or(pubupdate) then 'update' else null end,
            case when bool_or(pubdelete) then 'delete' else null end
          ) as w2j_actions,
          coalesce(
            string_agg(
              realtime.quote_wal2json(format('%I.%I', schemaname, tablename)::regclass),
              ','
            ) filter (where ppt.tablename is not null and ppt.tablename not like '% %'),
            ''
          ) w2j_add_tables
        from
          pg_publication pp
          left join pg_publication_tables ppt
            on pp.pubname = ppt.pubname
        where
          pp.pubname = publication
        group by
          pp.pubname
        limit 1
      ),
      w2j as (
        select
          x.*, pub.w2j_add_tables
        from
          pub,
          pg_logical_slot_get_changes(
            slot_name, null, max_changes,
            'include-pk', 'true',
            'include-transaction', 'false',
            'include-timestamp', 'true',
            'include-type-oids', 'true',
            'format-version', '2',
            'actions', pub.w2j_actions,
            'add-tables', pub.w2j_add_tables
          ) x
      )
      select
        xyz.wal,
        xyz.is_rls_enabled,
        xyz.subscription_ids,
        xyz.errors
      from
        w2j,
        realtime.apply_rls(
          wal := w2j.data::jsonb,
          max_record_bytes := max_record_bytes
        ) xyz(wal, is_rls_enabled, subscription_ids, errors)
      where
        w2j.w2j_add_tables <> ''
        and xyz.subscription_ids[1] is not null
    $$;


ALTER FUNCTION realtime.list_changes(publication name, slot_name name, max_changes integer, max_record_bytes integer) OWNER TO supabase_admin;

--
-- Name: quote_wal2json(regclass); Type: FUNCTION; Schema: realtime; Owner: supabase_admin
--

CREATE FUNCTION realtime.quote_wal2json(entity regclass) RETURNS text
    LANGUAGE sql IMMUTABLE STRICT
    AS $$
      select
        (
          select string_agg('' || ch,'')
          from unnest(string_to_array(nsp.nspname::text, null)) with ordinality x(ch, idx)
          where
            not (x.idx = 1 and x.ch = '"')
            and not (
              x.idx = array_length(string_to_array(nsp.nspname::text, null), 1)
              and x.ch = '"'
            )
        )
        || '.'
        || (
          select string_agg('' || ch,'')
          from unnest(string_to_array(pc.relname::text, null)) with ordinality x(ch, idx)
          where
            not (x.idx = 1 and x.ch = '"')
            and not (
              x.idx = array_length(string_to_array(nsp.nspname::text, null), 1)
              and x.ch = '"'
            )
          )
      from
        pg_class pc
        join pg_namespace nsp
          on pc.relnamespace = nsp.oid
      where
        pc.oid = entity
    $$;


ALTER FUNCTION realtime.quote_wal2json(entity regclass) OWNER TO supabase_admin;

--
-- Name: send(jsonb, text, text, boolean); Type: FUNCTION; Schema: realtime; Owner: supabase_admin
--

CREATE FUNCTION realtime.send(payload jsonb, event text, topic text, private boolean DEFAULT true) RETURNS void
    LANGUAGE plpgsql
    AS $$
DECLARE
  partition_name text;
BEGIN
  partition_name := 'messages_' || to_char(NOW(), 'YYYY_MM_DD');

  IF NOT EXISTS (
    SELECT 1
    FROM pg_class c
    JOIN pg_namespace n ON n.oid = c.relnamespace
    WHERE n.nspname = 'realtime'
    AND c.relname = partition_name
  ) THEN
    EXECUTE format(
      'CREATE TABLE realtime.%I PARTITION OF realtime.messages FOR VALUES FROM (%L) TO (%L)',
      partition_name,
      NOW(),
      (NOW() + interval '1 day')::timestamp
    );
  END IF;

  INSERT INTO realtime.messages (payload, event, topic, private, extension)
  VALUES (payload, event, topic, private, 'broadcast');
END;
$$;


ALTER FUNCTION realtime.send(payload jsonb, event text, topic text, private boolean) OWNER TO supabase_admin;

--
-- Name: subscription_check_filters(); Type: FUNCTION; Schema: realtime; Owner: supabase_admin
--

CREATE FUNCTION realtime.subscription_check_filters() RETURNS trigger
    LANGUAGE plpgsql
    AS $$
    /*
    Validates that the user defined filters for a subscription:
    - refer to valid columns that the claimed role may access
    - values are coercable to the correct column type
    */
    declare
        col_names text[] = coalesce(
                array_agg(c.column_name order by c.ordinal_position),
                '{}'::text[]
            )
            from
                information_schema.columns c
            where
                format('%I.%I', c.table_schema, c.table_name)::regclass = new.entity
                and pg_catalog.has_column_privilege(
                    (new.claims ->> 'role'),
                    format('%I.%I', c.table_schema, c.table_name)::regclass,
                    c.column_name,
                    'SELECT'
                );
        filter realtime.user_defined_filter;
        col_type regtype;

        in_val jsonb;
    begin
        for filter in select * from unnest(new.filters) loop
            -- Filtered column is valid
            if not filter.column_name = any(col_names) then
                raise exception 'invalid column for filter %', filter.column_name;
            end if;

            -- Type is sanitized and safe for string interpolation
            col_type = (
                select atttypid::regtype
                from pg_catalog.pg_attribute
                where attrelid = new.entity
                      and attname = filter.column_name
            );
            if col_type is null then
                raise exception 'failed to lookup type for column %', filter.column_name;
            end if;

            -- Set maximum number of entries for in filter
            if filter.op = 'in'::realtime.equality_op then
                in_val = realtime.cast(filter.value, (col_type::text || '[]')::regtype);
                if coalesce(jsonb_array_length(in_val), 0) > 100 then
                    raise exception 'too many values for `in` filter. Maximum 100';
                end if;
            else
                -- raises an exception if value is not coercable to type
                perform realtime.cast(filter.value, col_type);
            end if;

        end loop;

        -- Apply consistent order to filters so the unique constraint on
        -- (subscription_id, entity, filters) can't be tricked by a different filter order
        new.filters = coalesce(
            array_agg(f order by f.column_name, f.op, f.value),
            '{}'
        ) from unnest(new.filters) f;

        return new;
    end;
    $$;


ALTER FUNCTION realtime.subscription_check_filters() OWNER TO supabase_admin;

--
-- Name: to_regrole(text); Type: FUNCTION; Schema: realtime; Owner: supabase_admin
--

CREATE FUNCTION realtime.to_regrole(role_name text) RETURNS regrole
    LANGUAGE sql IMMUTABLE
    AS $$ select role_name::regrole $$;


ALTER FUNCTION realtime.to_regrole(role_name text) OWNER TO supabase_admin;

--
-- Name: topic(); Type: FUNCTION; Schema: realtime; Owner: supabase_realtime_admin
--

CREATE FUNCTION realtime.topic() RETURNS text
    LANGUAGE sql STABLE
    AS $$
select nullif(current_setting('realtime.topic', true), '')::text;
$$;


ALTER FUNCTION realtime.topic() OWNER TO supabase_realtime_admin;

--
-- Name: can_insert_object(text, text, uuid, jsonb); Type: FUNCTION; Schema: storage; Owner: supabase_storage_admin
--

CREATE FUNCTION storage.can_insert_object(bucketid text, name text, owner uuid, metadata jsonb) RETURNS void
    LANGUAGE plpgsql
    AS $$
BEGIN
  INSERT INTO "storage"."objects" ("bucket_id", "name", "owner", "metadata") VALUES (bucketid, name, owner, metadata);
  -- hack to rollback the successful insert
  RAISE sqlstate 'PT200' using
  message = 'ROLLBACK',
  detail = 'rollback successful insert';
END
$$;


ALTER FUNCTION storage.can_insert_object(bucketid text, name text, owner uuid, metadata jsonb) OWNER TO supabase_storage_admin;

--
-- Name: extension(text); Type: FUNCTION; Schema: storage; Owner: supabase_storage_admin
--

CREATE FUNCTION storage.extension(name text) RETURNS text
    LANGUAGE plpgsql
    AS $$
DECLARE
_parts text[];
_filename text;
BEGIN
	select string_to_array(name, '/') into _parts;
	select _parts[array_length(_parts,1)] into _filename;
	-- @todo return the last part instead of 2
	return reverse(split_part(reverse(_filename), '.', 1));
END
$$;


ALTER FUNCTION storage.extension(name text) OWNER TO supabase_storage_admin;

--
-- Name: filename(text); Type: FUNCTION; Schema: storage; Owner: supabase_storage_admin
--

CREATE FUNCTION storage.filename(name text) RETURNS text
    LANGUAGE plpgsql
    AS $$
DECLARE
_parts text[];
BEGIN
	select string_to_array(name, '/') into _parts;
	return _parts[array_length(_parts,1)];
END
$$;


ALTER FUNCTION storage.filename(name text) OWNER TO supabase_storage_admin;

--
-- Name: foldername(text); Type: FUNCTION; Schema: storage; Owner: supabase_storage_admin
--

CREATE FUNCTION storage.foldername(name text) RETURNS text[]
    LANGUAGE plpgsql
    AS $$
DECLARE
_parts text[];
BEGIN
	select string_to_array(name, '/') into _parts;
	return _parts[1:array_length(_parts,1)-1];
END
$$;


ALTER FUNCTION storage.foldername(name text) OWNER TO supabase_storage_admin;

--
-- Name: get_size_by_bucket(); Type: FUNCTION; Schema: storage; Owner: supabase_storage_admin
--

CREATE FUNCTION storage.get_size_by_bucket() RETURNS TABLE(size bigint, bucket_id text)
    LANGUAGE plpgsql
    AS $$
BEGIN
    return query
        select sum((metadata->>'size')::int) as size, obj.bucket_id
        from "storage".objects as obj
        group by obj.bucket_id;
END
$$;


ALTER FUNCTION storage.get_size_by_bucket() OWNER TO supabase_storage_admin;

--
-- Name: list_multipart_uploads_with_delimiter(text, text, text, integer, text, text); Type: FUNCTION; Schema: storage; Owner: supabase_storage_admin
--

CREATE FUNCTION storage.list_multipart_uploads_with_delimiter(bucket_id text, prefix_param text, delimiter_param text, max_keys integer DEFAULT 100, next_key_token text DEFAULT ''::text, next_upload_token text DEFAULT ''::text) RETURNS TABLE(key text, id text, created_at timestamp with time zone)
    LANGUAGE plpgsql
    AS $_$
BEGIN
    RETURN QUERY EXECUTE
        'SELECT DISTINCT ON(key COLLATE "C") * from (
            SELECT
                CASE
                    WHEN position($2 IN substring(key from length($1) + 1)) > 0 THEN
                        substring(key from 1 for length($1) + position($2 IN substring(key from length($1) + 1)))
                    ELSE
                        key
                END AS key, id, created_at
            FROM
                storage.s3_multipart_uploads
            WHERE
                bucket_id = $5 AND
                key ILIKE $1 || ''%'' AND
                CASE
                    WHEN $4 != '''' AND $6 = '''' THEN
                        CASE
                            WHEN position($2 IN substring(key from length($1) + 1)) > 0 THEN
                                substring(key from 1 for length($1) + position($2 IN substring(key from length($1) + 1))) COLLATE "C" > $4
                            ELSE
                                key COLLATE "C" > $4
                            END
                    ELSE
                        true
                END AND
                CASE
                    WHEN $6 != '''' THEN
                        id COLLATE "C" > $6
                    ELSE
                        true
                    END
            ORDER BY
                key COLLATE "C" ASC, created_at ASC) as e order by key COLLATE "C" LIMIT $3'
        USING prefix_param, delimiter_param, max_keys, next_key_token, bucket_id, next_upload_token;
END;
$_$;


ALTER FUNCTION storage.list_multipart_uploads_with_delimiter(bucket_id text, prefix_param text, delimiter_param text, max_keys integer, next_key_token text, next_upload_token text) OWNER TO supabase_storage_admin;

--
-- Name: list_objects_with_delimiter(text, text, text, integer, text, text); Type: FUNCTION; Schema: storage; Owner: supabase_storage_admin
--

CREATE FUNCTION storage.list_objects_with_delimiter(bucket_id text, prefix_param text, delimiter_param text, max_keys integer DEFAULT 100, start_after text DEFAULT ''::text, next_token text DEFAULT ''::text) RETURNS TABLE(name text, id uuid, metadata jsonb, updated_at timestamp with time zone)
    LANGUAGE plpgsql
    AS $_$
BEGIN
    RETURN QUERY EXECUTE
        'SELECT DISTINCT ON(name COLLATE "C") * from (
            SELECT
                CASE
                    WHEN position($2 IN substring(name from length($1) + 1)) > 0 THEN
                        substring(name from 1 for length($1) + position($2 IN substring(name from length($1) + 1)))
                    ELSE
                        name
                END AS name, id, metadata, updated_at
            FROM
                storage.objects
            WHERE
                bucket_id = $5 AND
                name ILIKE $1 || ''%'' AND
                CASE
                    WHEN $6 != '''' THEN
                    name COLLATE "C" > $6
                ELSE true END
                AND CASE
                    WHEN $4 != '''' THEN
                        CASE
                            WHEN position($2 IN substring(name from length($1) + 1)) > 0 THEN
                                substring(name from 1 for length($1) + position($2 IN substring(name from length($1) + 1))) COLLATE "C" > $4
                            ELSE
                                name COLLATE "C" > $4
                            END
                    ELSE
                        true
                END
            ORDER BY
                name COLLATE "C" ASC) as e order by name COLLATE "C" LIMIT $3'
        USING prefix_param, delimiter_param, max_keys, next_token, bucket_id, start_after;
END;
$_$;


ALTER FUNCTION storage.list_objects_with_delimiter(bucket_id text, prefix_param text, delimiter_param text, max_keys integer, start_after text, next_token text) OWNER TO supabase_storage_admin;

--
-- Name: operation(); Type: FUNCTION; Schema: storage; Owner: supabase_storage_admin
--

CREATE FUNCTION storage.operation() RETURNS text
    LANGUAGE plpgsql STABLE
    AS $$
BEGIN
    RETURN current_setting('storage.operation', true);
END;
$$;


ALTER FUNCTION storage.operation() OWNER TO supabase_storage_admin;

--
-- Name: search(text, text, integer, integer, integer, text, text, text); Type: FUNCTION; Schema: storage; Owner: supabase_storage_admin
--

CREATE FUNCTION storage.search(prefix text, bucketname text, limits integer DEFAULT 100, levels integer DEFAULT 1, offsets integer DEFAULT 0, search text DEFAULT ''::text, sortcolumn text DEFAULT 'name'::text, sortorder text DEFAULT 'asc'::text) RETURNS TABLE(name text, id uuid, updated_at timestamp with time zone, created_at timestamp with time zone, last_accessed_at timestamp with time zone, metadata jsonb)
    LANGUAGE plpgsql STABLE
    AS $_$
declare
  v_order_by text;
  v_sort_order text;
begin
  case
    when sortcolumn = 'name' then
      v_order_by = 'name';
    when sortcolumn = 'updated_at' then
      v_order_by = 'updated_at';
    when sortcolumn = 'created_at' then
      v_order_by = 'created_at';
    when sortcolumn = 'last_accessed_at' then
      v_order_by = 'last_accessed_at';
    else
      v_order_by = 'name';
  end case;

  case
    when sortorder = 'asc' then
      v_sort_order = 'asc';
    when sortorder = 'desc' then
      v_sort_order = 'desc';
    else
      v_sort_order = 'asc';
  end case;

  v_order_by = v_order_by || ' ' || v_sort_order;

  return query execute
    'with folders as (
       select path_tokens[$1] as folder
       from storage.objects
         where objects.name ilike $2 || $3 || ''%''
           and bucket_id = $4
           and array_length(objects.path_tokens, 1) <> $1
       group by folder
       order by folder ' || v_sort_order || '
     )
     (select folder as "name",
            null as id,
            null as updated_at,
            null as created_at,
            null as last_accessed_at,
            null as metadata from folders)
     union all
     (select path_tokens[$1] as "name",
            id,
            updated_at,
            created_at,
            last_accessed_at,
            metadata
     from storage.objects
     where objects.name ilike $2 || $3 || ''%''
       and bucket_id = $4
       and array_length(objects.path_tokens, 1) = $1
     order by ' || v_order_by || ')
     limit $5
     offset $6' using levels, prefix, search, bucketname, limits, offsets;
end;
$_$;


ALTER FUNCTION storage.search(prefix text, bucketname text, limits integer, levels integer, offsets integer, search text, sortcolumn text, sortorder text) OWNER TO supabase_storage_admin;

--
-- Name: update_updated_at_column(); Type: FUNCTION; Schema: storage; Owner: supabase_storage_admin
--

CREATE FUNCTION storage.update_updated_at_column() RETURNS trigger
    LANGUAGE plpgsql
    AS $$
BEGIN
    NEW.updated_at = now();
    RETURN NEW; 
END;
$$;


ALTER FUNCTION storage.update_updated_at_column() OWNER TO supabase_storage_admin;

--
-- Name: secrets_encrypt_secret_secret(); Type: FUNCTION; Schema: vault; Owner: supabase_admin
--

CREATE FUNCTION vault.secrets_encrypt_secret_secret() RETURNS trigger
    LANGUAGE plpgsql
    AS $$
		BEGIN
		        new.secret = CASE WHEN new.secret IS NULL THEN NULL ELSE
			CASE WHEN new.key_id IS NULL THEN NULL ELSE pg_catalog.encode(
			  pgsodium.crypto_aead_det_encrypt(
				pg_catalog.convert_to(new.secret, 'utf8'),
				pg_catalog.convert_to((new.id::text || new.description::text || new.created_at::text || new.updated_at::text)::text, 'utf8'),
				new.key_id::uuid,
				new.nonce
			  ),
				'base64') END END;
		RETURN new;
		END;
		$$;


ALTER FUNCTION vault.secrets_encrypt_secret_secret() OWNER TO supabase_admin;

SET default_tablespace = '';

SET default_table_access_method = heap;

--
-- Name: audit_log_entries; Type: TABLE; Schema: auth; Owner: supabase_auth_admin
--

CREATE TABLE auth.audit_log_entries (
    instance_id uuid,
    id uuid NOT NULL,
    payload json,
    created_at timestamp with time zone,
    ip_address character varying(64) DEFAULT ''::character varying NOT NULL
);


ALTER TABLE auth.audit_log_entries OWNER TO supabase_auth_admin;

--
-- Name: TABLE audit_log_entries; Type: COMMENT; Schema: auth; Owner: supabase_auth_admin
--

COMMENT ON TABLE auth.audit_log_entries IS 'Auth: Audit trail for user actions.';


--
-- Name: flow_state; Type: TABLE; Schema: auth; Owner: supabase_auth_admin
--

CREATE TABLE auth.flow_state (
    id uuid NOT NULL,
    user_id uuid,
    auth_code text NOT NULL,
    code_challenge_method auth.code_challenge_method NOT NULL,
    code_challenge text NOT NULL,
    provider_type text NOT NULL,
    provider_access_token text,
    provider_refresh_token text,
    created_at timestamp with time zone,
    updated_at timestamp with time zone,
    authentication_method text NOT NULL,
    auth_code_issued_at timestamp with time zone
);


ALTER TABLE auth.flow_state OWNER TO supabase_auth_admin;

--
-- Name: TABLE flow_state; Type: COMMENT; Schema: auth; Owner: supabase_auth_admin
--

COMMENT ON TABLE auth.flow_state IS 'stores metadata for pkce logins';


--
-- Name: identities; Type: TABLE; Schema: auth; Owner: supabase_auth_admin
--

CREATE TABLE auth.identities (
    provider_id text NOT NULL,
    user_id uuid NOT NULL,
    identity_data jsonb NOT NULL,
    provider text NOT NULL,
    last_sign_in_at timestamp with time zone,
    created_at timestamp with time zone,
    updated_at timestamp with time zone,
    email text GENERATED ALWAYS AS (lower((identity_data ->> 'email'::text))) STORED,
    id uuid DEFAULT gen_random_uuid() NOT NULL
);


ALTER TABLE auth.identities OWNER TO supabase_auth_admin;

--
-- Name: TABLE identities; Type: COMMENT; Schema: auth; Owner: supabase_auth_admin
--

COMMENT ON TABLE auth.identities IS 'Auth: Stores identities associated to a user.';


--
-- Name: COLUMN identities.email; Type: COMMENT; Schema: auth; Owner: supabase_auth_admin
--

COMMENT ON COLUMN auth.identities.email IS 'Auth: Email is a generated column that references the optional email property in the identity_data';


--
-- Name: instances; Type: TABLE; Schema: auth; Owner: supabase_auth_admin
--

CREATE TABLE auth.instances (
    id uuid NOT NULL,
    uuid uuid,
    raw_base_config text,
    created_at timestamp with time zone,
    updated_at timestamp with time zone
);


ALTER TABLE auth.instances OWNER TO supabase_auth_admin;

--
-- Name: TABLE instances; Type: COMMENT; Schema: auth; Owner: supabase_auth_admin
--

COMMENT ON TABLE auth.instances IS 'Auth: Manages users across multiple sites.';


--
-- Name: mfa_amr_claims; Type: TABLE; Schema: auth; Owner: supabase_auth_admin
--

CREATE TABLE auth.mfa_amr_claims (
    session_id uuid NOT NULL,
    created_at timestamp with time zone NOT NULL,
    updated_at timestamp with time zone NOT NULL,
    authentication_method text NOT NULL,
    id uuid NOT NULL
);


ALTER TABLE auth.mfa_amr_claims OWNER TO supabase_auth_admin;

--
-- Name: TABLE mfa_amr_claims; Type: COMMENT; Schema: auth; Owner: supabase_auth_admin
--

COMMENT ON TABLE auth.mfa_amr_claims IS 'auth: stores authenticator method reference claims for multi factor authentication';


--
-- Name: mfa_challenges; Type: TABLE; Schema: auth; Owner: supabase_auth_admin
--

CREATE TABLE auth.mfa_challenges (
    id uuid NOT NULL,
    factor_id uuid NOT NULL,
    created_at timestamp with time zone NOT NULL,
    verified_at timestamp with time zone,
    ip_address inet NOT NULL,
    otp_code text,
    web_authn_session_data jsonb
);


ALTER TABLE auth.mfa_challenges OWNER TO supabase_auth_admin;

--
-- Name: TABLE mfa_challenges; Type: COMMENT; Schema: auth; Owner: supabase_auth_admin
--

COMMENT ON TABLE auth.mfa_challenges IS 'auth: stores metadata about challenge requests made';


--
-- Name: mfa_factors; Type: TABLE; Schema: auth; Owner: supabase_auth_admin
--

CREATE TABLE auth.mfa_factors (
    id uuid NOT NULL,
    user_id uuid NOT NULL,
    friendly_name text,
    factor_type auth.factor_type NOT NULL,
    status auth.factor_status NOT NULL,
    created_at timestamp with time zone NOT NULL,
    updated_at timestamp with time zone NOT NULL,
    secret text,
    phone text,
    last_challenged_at timestamp with time zone,
    web_authn_credential jsonb,
    web_authn_aaguid uuid
);


ALTER TABLE auth.mfa_factors OWNER TO supabase_auth_admin;

--
-- Name: TABLE mfa_factors; Type: COMMENT; Schema: auth; Owner: supabase_auth_admin
--

COMMENT ON TABLE auth.mfa_factors IS 'auth: stores metadata about factors';


--
-- Name: one_time_tokens; Type: TABLE; Schema: auth; Owner: supabase_auth_admin
--

CREATE TABLE auth.one_time_tokens (
    id uuid NOT NULL,
    user_id uuid NOT NULL,
    token_type auth.one_time_token_type NOT NULL,
    token_hash text NOT NULL,
    relates_to text NOT NULL,
    created_at timestamp without time zone DEFAULT now() NOT NULL,
    updated_at timestamp without time zone DEFAULT now() NOT NULL,
    CONSTRAINT one_time_tokens_token_hash_check CHECK ((char_length(token_hash) > 0))
);


ALTER TABLE auth.one_time_tokens OWNER TO supabase_auth_admin;

--
-- Name: refresh_tokens; Type: TABLE; Schema: auth; Owner: supabase_auth_admin
--

CREATE TABLE auth.refresh_tokens (
    instance_id uuid,
    id bigint NOT NULL,
    token character varying(255),
    user_id character varying(255),
    revoked boolean,
    created_at timestamp with time zone,
    updated_at timestamp with time zone,
    parent character varying(255),
    session_id uuid
);


ALTER TABLE auth.refresh_tokens OWNER TO supabase_auth_admin;

--
-- Name: TABLE refresh_tokens; Type: COMMENT; Schema: auth; Owner: supabase_auth_admin
--

COMMENT ON TABLE auth.refresh_tokens IS 'Auth: Store of tokens used to refresh JWT tokens once they expire.';


--
-- Name: refresh_tokens_id_seq; Type: SEQUENCE; Schema: auth; Owner: supabase_auth_admin
--

CREATE SEQUENCE auth.refresh_tokens_id_seq
    START WITH 1
    INCREMENT BY 1
    NO MINVALUE
    NO MAXVALUE
    CACHE 1;


ALTER TABLE auth.refresh_tokens_id_seq OWNER TO supabase_auth_admin;

--
-- Name: refresh_tokens_id_seq; Type: SEQUENCE OWNED BY; Schema: auth; Owner: supabase_auth_admin
--

ALTER SEQUENCE auth.refresh_tokens_id_seq OWNED BY auth.refresh_tokens.id;


--
-- Name: saml_providers; Type: TABLE; Schema: auth; Owner: supabase_auth_admin
--

CREATE TABLE auth.saml_providers (
    id uuid NOT NULL,
    sso_provider_id uuid NOT NULL,
    entity_id text NOT NULL,
    metadata_xml text NOT NULL,
    metadata_url text,
    attribute_mapping jsonb,
    created_at timestamp with time zone,
    updated_at timestamp with time zone,
    name_id_format text,
    CONSTRAINT "entity_id not empty" CHECK ((char_length(entity_id) > 0)),
    CONSTRAINT "metadata_url not empty" CHECK (((metadata_url = NULL::text) OR (char_length(metadata_url) > 0))),
    CONSTRAINT "metadata_xml not empty" CHECK ((char_length(metadata_xml) > 0))
);


ALTER TABLE auth.saml_providers OWNER TO supabase_auth_admin;

--
-- Name: TABLE saml_providers; Type: COMMENT; Schema: auth; Owner: supabase_auth_admin
--

COMMENT ON TABLE auth.saml_providers IS 'Auth: Manages SAML Identity Provider connections.';


--
-- Name: saml_relay_states; Type: TABLE; Schema: auth; Owner: supabase_auth_admin
--

CREATE TABLE auth.saml_relay_states (
    id uuid NOT NULL,
    sso_provider_id uuid NOT NULL,
    request_id text NOT NULL,
    for_email text,
    redirect_to text,
    created_at timestamp with time zone,
    updated_at timestamp with time zone,
    flow_state_id uuid,
    CONSTRAINT "request_id not empty" CHECK ((char_length(request_id) > 0))
);


ALTER TABLE auth.saml_relay_states OWNER TO supabase_auth_admin;

--
-- Name: TABLE saml_relay_states; Type: COMMENT; Schema: auth; Owner: supabase_auth_admin
--

COMMENT ON TABLE auth.saml_relay_states IS 'Auth: Contains SAML Relay State information for each Service Provider initiated login.';


--
-- Name: schema_migrations; Type: TABLE; Schema: auth; Owner: supabase_auth_admin
--

CREATE TABLE auth.schema_migrations (
    version character varying(255) NOT NULL
);


ALTER TABLE auth.schema_migrations OWNER TO supabase_auth_admin;

--
-- Name: TABLE schema_migrations; Type: COMMENT; Schema: auth; Owner: supabase_auth_admin
--

COMMENT ON TABLE auth.schema_migrations IS 'Auth: Manages updates to the auth system.';


--
-- Name: sessions; Type: TABLE; Schema: auth; Owner: supabase_auth_admin
--

CREATE TABLE auth.sessions (
    id uuid NOT NULL,
    user_id uuid NOT NULL,
    created_at timestamp with time zone,
    updated_at timestamp with time zone,
    factor_id uuid,
    aal auth.aal_level,
    not_after timestamp with time zone,
    refreshed_at timestamp without time zone,
    user_agent text,
    ip inet,
    tag text
);


ALTER TABLE auth.sessions OWNER TO supabase_auth_admin;

--
-- Name: TABLE sessions; Type: COMMENT; Schema: auth; Owner: supabase_auth_admin
--

COMMENT ON TABLE auth.sessions IS 'Auth: Stores session data associated to a user.';


--
-- Name: COLUMN sessions.not_after; Type: COMMENT; Schema: auth; Owner: supabase_auth_admin
--

COMMENT ON COLUMN auth.sessions.not_after IS 'Auth: Not after is a nullable column that contains a timestamp after which the session should be regarded as expired.';


--
-- Name: sso_domains; Type: TABLE; Schema: auth; Owner: supabase_auth_admin
--

CREATE TABLE auth.sso_domains (
    id uuid NOT NULL,
    sso_provider_id uuid NOT NULL,
    domain text NOT NULL,
    created_at timestamp with time zone,
    updated_at timestamp with time zone,
    CONSTRAINT "domain not empty" CHECK ((char_length(domain) > 0))
);


ALTER TABLE auth.sso_domains OWNER TO supabase_auth_admin;

--
-- Name: TABLE sso_domains; Type: COMMENT; Schema: auth; Owner: supabase_auth_admin
--

COMMENT ON TABLE auth.sso_domains IS 'Auth: Manages SSO email address domain mapping to an SSO Identity Provider.';


--
-- Name: sso_providers; Type: TABLE; Schema: auth; Owner: supabase_auth_admin
--

CREATE TABLE auth.sso_providers (
    id uuid NOT NULL,
    resource_id text,
    created_at timestamp with time zone,
    updated_at timestamp with time zone,
    CONSTRAINT "resource_id not empty" CHECK (((resource_id = NULL::text) OR (char_length(resource_id) > 0)))
);


ALTER TABLE auth.sso_providers OWNER TO supabase_auth_admin;

--
-- Name: TABLE sso_providers; Type: COMMENT; Schema: auth; Owner: supabase_auth_admin
--

COMMENT ON TABLE auth.sso_providers IS 'Auth: Manages SSO identity provider information; see saml_providers for SAML.';


--
-- Name: COLUMN sso_providers.resource_id; Type: COMMENT; Schema: auth; Owner: supabase_auth_admin
--

COMMENT ON COLUMN auth.sso_providers.resource_id IS 'Auth: Uniquely identifies a SSO provider according to a user-chosen resource ID (case insensitive), useful in infrastructure as code.';


--
-- Name: users; Type: TABLE; Schema: auth; Owner: supabase_auth_admin
--

CREATE TABLE auth.users (
    instance_id uuid,
    id uuid NOT NULL,
    aud character varying(255),
    role character varying(255),
    email character varying(255),
    encrypted_password character varying(255),
    email_confirmed_at timestamp with time zone,
    invited_at timestamp with time zone,
    confirmation_token character varying(255),
    confirmation_sent_at timestamp with time zone,
    recovery_token character varying(255),
    recovery_sent_at timestamp with time zone,
    email_change_token_new character varying(255),
    email_change character varying(255),
    email_change_sent_at timestamp with time zone,
    last_sign_in_at timestamp with time zone,
    raw_app_meta_data jsonb,
    raw_user_meta_data jsonb,
    is_super_admin boolean,
    created_at timestamp with time zone,
    updated_at timestamp with time zone,
    phone text DEFAULT NULL::character varying,
    phone_confirmed_at timestamp with time zone,
    phone_change text DEFAULT ''::character varying,
    phone_change_token character varying(255) DEFAULT ''::character varying,
    phone_change_sent_at timestamp with time zone,
    confirmed_at timestamp with time zone GENERATED ALWAYS AS (LEAST(email_confirmed_at, phone_confirmed_at)) STORED,
    email_change_token_current character varying(255) DEFAULT ''::character varying,
    email_change_confirm_status smallint DEFAULT 0,
    banned_until timestamp with time zone,
    reauthentication_token character varying(255) DEFAULT ''::character varying,
    reauthentication_sent_at timestamp with time zone,
    is_sso_user boolean DEFAULT false NOT NULL,
    deleted_at timestamp with time zone,
    is_anonymous boolean DEFAULT false NOT NULL,
    CONSTRAINT users_email_change_confirm_status_check CHECK (((email_change_confirm_status >= 0) AND (email_change_confirm_status <= 2)))
);


ALTER TABLE auth.users OWNER TO supabase_auth_admin;

--
-- Name: TABLE users; Type: COMMENT; Schema: auth; Owner: supabase_auth_admin
--

COMMENT ON TABLE auth.users IS 'Auth: Stores user login data within a secure schema.';


--
-- Name: COLUMN users.is_sso_user; Type: COMMENT; Schema: auth; Owner: supabase_auth_admin
--

COMMENT ON COLUMN auth.users.is_sso_user IS 'Auth: Set this column to true when the account comes from SSO. These accounts can have duplicate emails.';


--
-- Name: blogs; Type: TABLE; Schema: public; Owner: postgres
--

CREATE TABLE public.blogs (
    id uuid NOT NULL,
    updated_at timestamp with time zone,
    poster_id uuid NOT NULL,
    title text NOT NULL,
    content text NOT NULL,
    image_url text,
    topic text[]
);


ALTER TABLE public.blogs OWNER TO postgres;

--
-- Name: profiles; Type: TABLE; Schema: public; Owner: postgres
--

CREATE TABLE public.profiles (
    id uuid NOT NULL,
    updated_at timestamp with time zone,
    name text,
    CONSTRAINT name_length CHECK ((char_length(name) >= 3))
);


ALTER TABLE public.profiles OWNER TO postgres;

--
-- Name: messages; Type: TABLE; Schema: realtime; Owner: supabase_realtime_admin
--

CREATE TABLE realtime.messages (
    topic text NOT NULL,
    extension text NOT NULL,
    payload jsonb,
    event text,
    private boolean DEFAULT false,
    updated_at timestamp without time zone DEFAULT now() NOT NULL,
    inserted_at timestamp without time zone DEFAULT now() NOT NULL,
    id uuid DEFAULT gen_random_uuid() NOT NULL
)
PARTITION BY RANGE (inserted_at);


ALTER TABLE realtime.messages OWNER TO supabase_realtime_admin;

--
-- Name: schema_migrations; Type: TABLE; Schema: realtime; Owner: supabase_admin
--

CREATE TABLE realtime.schema_migrations (
    version bigint NOT NULL,
    inserted_at timestamp(0) without time zone
);


ALTER TABLE realtime.schema_migrations OWNER TO supabase_admin;

--
-- Name: subscription; Type: TABLE; Schema: realtime; Owner: supabase_admin
--

CREATE TABLE realtime.subscription (
    id bigint NOT NULL,
    subscription_id uuid NOT NULL,
    entity regclass NOT NULL,
    filters realtime.user_defined_filter[] DEFAULT '{}'::realtime.user_defined_filter[] NOT NULL,
    claims jsonb NOT NULL,
    claims_role regrole GENERATED ALWAYS AS (realtime.to_regrole((claims ->> 'role'::text))) STORED NOT NULL,
    created_at timestamp without time zone DEFAULT timezone('utc'::text, now()) NOT NULL
);


ALTER TABLE realtime.subscription OWNER TO supabase_admin;

--
-- Name: subscription_id_seq; Type: SEQUENCE; Schema: realtime; Owner: supabase_admin
--

ALTER TABLE realtime.subscription ALTER COLUMN id ADD GENERATED ALWAYS AS IDENTITY (
    SEQUENCE NAME realtime.subscription_id_seq
    START WITH 1
    INCREMENT BY 1
    NO MINVALUE
    NO MAXVALUE
    CACHE 1
);


--
-- Name: buckets; Type: TABLE; Schema: storage; Owner: supabase_storage_admin
--

CREATE TABLE storage.buckets (
    id text NOT NULL,
    name text NOT NULL,
    owner uuid,
    created_at timestamp with time zone DEFAULT now(),
    updated_at timestamp with time zone DEFAULT now(),
    public boolean DEFAULT false,
    avif_autodetection boolean DEFAULT false,
    file_size_limit bigint,
    allowed_mime_types text[],
    owner_id text
);


ALTER TABLE storage.buckets OWNER TO supabase_storage_admin;

--
-- Name: COLUMN buckets.owner; Type: COMMENT; Schema: storage; Owner: supabase_storage_admin
--

COMMENT ON COLUMN storage.buckets.owner IS 'Field is deprecated, use owner_id instead';


--
-- Name: migrations; Type: TABLE; Schema: storage; Owner: supabase_storage_admin
--

CREATE TABLE storage.migrations (
    id integer NOT NULL,
    name character varying(100) NOT NULL,
    hash character varying(40) NOT NULL,
    executed_at timestamp without time zone DEFAULT CURRENT_TIMESTAMP
);


ALTER TABLE storage.migrations OWNER TO supabase_storage_admin;

--
-- Name: objects; Type: TABLE; Schema: storage; Owner: supabase_storage_admin
--

CREATE TABLE storage.objects (
    id uuid DEFAULT gen_random_uuid() NOT NULL,
    bucket_id text,
    name text,
    owner uuid,
    created_at timestamp with time zone DEFAULT now(),
    updated_at timestamp with time zone DEFAULT now(),
    last_accessed_at timestamp with time zone DEFAULT now(),
    metadata jsonb,
    path_tokens text[] GENERATED ALWAYS AS (string_to_array(name, '/'::text)) STORED,
    version text,
    owner_id text,
    user_metadata jsonb
);


ALTER TABLE storage.objects OWNER TO supabase_storage_admin;

--
-- Name: COLUMN objects.owner; Type: COMMENT; Schema: storage; Owner: supabase_storage_admin
--

COMMENT ON COLUMN storage.objects.owner IS 'Field is deprecated, use owner_id instead';


--
-- Name: s3_multipart_uploads; Type: TABLE; Schema: storage; Owner: supabase_storage_admin
--

CREATE TABLE storage.s3_multipart_uploads (
    id text NOT NULL,
    in_progress_size bigint DEFAULT 0 NOT NULL,
    upload_signature text NOT NULL,
    bucket_id text NOT NULL,
    key text NOT NULL COLLATE pg_catalog."C",
    version text NOT NULL,
    owner_id text,
    created_at timestamp with time zone DEFAULT now() NOT NULL,
    user_metadata jsonb
);


ALTER TABLE storage.s3_multipart_uploads OWNER TO supabase_storage_admin;

--
-- Name: s3_multipart_uploads_parts; Type: TABLE; Schema: storage; Owner: supabase_storage_admin
--

CREATE TABLE storage.s3_multipart_uploads_parts (
    id uuid DEFAULT gen_random_uuid() NOT NULL,
    upload_id text NOT NULL,
    size bigint DEFAULT 0 NOT NULL,
    part_number integer NOT NULL,
    bucket_id text NOT NULL,
    key text NOT NULL COLLATE pg_catalog."C",
    etag text NOT NULL,
    owner_id text,
    version text NOT NULL,
    created_at timestamp with time zone DEFAULT now() NOT NULL
);


ALTER TABLE storage.s3_multipart_uploads_parts OWNER TO supabase_storage_admin;

--
-- Name: decrypted_secrets; Type: VIEW; Schema: vault; Owner: supabase_admin
--

CREATE VIEW vault.decrypted_secrets AS
 SELECT secrets.id,
    secrets.name,
    secrets.description,
    secrets.secret,
        CASE
            WHEN (secrets.secret IS NULL) THEN NULL::text
            ELSE
            CASE
                WHEN (secrets.key_id IS NULL) THEN NULL::text
                ELSE convert_from(pgsodium.crypto_aead_det_decrypt(decode(secrets.secret, 'base64'::text), convert_to(((((secrets.id)::text || secrets.description) || (secrets.created_at)::text) || (secrets.updated_at)::text), 'utf8'::name), secrets.key_id, secrets.nonce), 'utf8'::name)
            END
        END AS decrypted_secret,
    secrets.key_id,
    secrets.nonce,
    secrets.created_at,
    secrets.updated_at
   FROM vault.secrets;


ALTER TABLE vault.decrypted_secrets OWNER TO supabase_admin;

--
-- Name: refresh_tokens id; Type: DEFAULT; Schema: auth; Owner: supabase_auth_admin
--

ALTER TABLE ONLY auth.refresh_tokens ALTER COLUMN id SET DEFAULT nextval('auth.refresh_tokens_id_seq'::regclass);


--
-- Data for Name: audit_log_entries; Type: TABLE DATA; Schema: auth; Owner: supabase_auth_admin
--

COPY auth.audit_log_entries (instance_id, id, payload, created_at, ip_address) FROM stdin;
00000000-0000-0000-0000-000000000000	2b37adf6-cd30-44da-9ca7-987086ac960c	{"action":"user_confirmation_requested","actor_id":"75ed4357-ef62-4d63-9478-ab8384ff008e","actor_username":"prpcenayt@gmail.com","actor_via_sso":false,"log_type":"user","traits":{"provider":"email"}}	2024-12-11 08:05:26.944579+00	
00000000-0000-0000-0000-000000000000	98e00604-ed3e-48d3-b145-b256b285317b	{"action":"user_confirmation_requested","actor_id":"99928a50-77fb-4084-9b8e-3ef89fac45f2","actor_username":"prpcenayt@icloud.com","actor_via_sso":false,"log_type":"user","traits":{"provider":"email"}}	2024-12-11 09:16:41.457705+00	
00000000-0000-0000-0000-000000000000	3b13d752-82d5-48f3-bad5-8fdd200c9c6b	{"action":"user_confirmation_requested","actor_id":"99928a50-77fb-4084-9b8e-3ef89fac45f2","actor_username":"prpcenayt@icloud.com","actor_via_sso":false,"log_type":"user","traits":{"provider":"email"}}	2024-12-11 09:38:24.586158+00	
00000000-0000-0000-0000-000000000000	51e55de8-04a2-4189-b517-d9860f317e00	{"action":"user_confirmation_requested","actor_id":"99928a50-77fb-4084-9b8e-3ef89fac45f2","actor_username":"prpcenayt@icloud.com","actor_via_sso":false,"log_type":"user","traits":{"provider":"email"}}	2024-12-11 09:38:24.934166+00	
00000000-0000-0000-0000-000000000000	b75167e5-734f-4156-a6e1-53092977deae	{"action":"user_confirmation_requested","actor_id":"99928a50-77fb-4084-9b8e-3ef89fac45f2","actor_username":"prpcenayt@icloud.com","actor_via_sso":false,"log_type":"user","traits":{"provider":"email"}}	2024-12-11 09:38:25.295015+00	
00000000-0000-0000-0000-000000000000	69183ba6-0525-4c19-8545-056f473f14e0	{"action":"user_deleted","actor_id":"00000000-0000-0000-0000-000000000000","actor_username":"service_role","actor_via_sso":false,"log_type":"team","traits":{"user_email":"prpcenayt@icloud.com","user_id":"99928a50-77fb-4084-9b8e-3ef89fac45f2","user_phone":""}}	2024-12-11 09:50:57.663239+00	
00000000-0000-0000-0000-000000000000	67027ae6-3d74-4427-bf2c-94f4a1bf7fa4	{"action":"user_deleted","actor_id":"00000000-0000-0000-0000-000000000000","actor_username":"service_role","actor_via_sso":false,"log_type":"team","traits":{"user_email":"prpcenayt@gmail.com","user_id":"75ed4357-ef62-4d63-9478-ab8384ff008e","user_phone":""}}	2024-12-11 09:51:03.340742+00	
00000000-0000-0000-0000-000000000000	ab474b81-c0b9-46ef-aa61-eed6c95f47e0	{"action":"user_confirmation_requested","actor_id":"03622b21-0726-4f4a-b12e-9259d96ee7b3","actor_username":"prpcenayt@icloud.com","actor_via_sso":false,"log_type":"user","traits":{"provider":"email"}}	2024-12-11 09:51:29.686066+00	
00000000-0000-0000-0000-000000000000	d75a0696-e4d1-4f13-88b7-a5e872e6849d	{"action":"user_signedup","actor_id":"c1762b36-5050-4971-9e08-087492cdd3a7","actor_username":"prpcenayt@gmail.com","actor_via_sso":false,"log_type":"team","traits":{"provider":"email"}}	2024-12-11 12:55:01.822862+00	
00000000-0000-0000-0000-000000000000	6812b6cc-60e9-47de-b8a3-1e397b093e6f	{"action":"login","actor_id":"c1762b36-5050-4971-9e08-087492cdd3a7","actor_username":"prpcenayt@gmail.com","actor_via_sso":false,"log_type":"account","traits":{"provider":"email"}}	2024-12-11 12:55:01.826404+00	
00000000-0000-0000-0000-000000000000	6428e849-8728-4cf1-bcf1-58cdd4b7cf74	{"action":"token_refreshed","actor_id":"c1762b36-5050-4971-9e08-087492cdd3a7","actor_username":"prpcenayt@gmail.com","actor_via_sso":false,"log_type":"token"}	2024-12-11 14:01:46.231701+00	
00000000-0000-0000-0000-000000000000	c06e3411-3d6f-49bf-a288-8140256ac001	{"action":"token_revoked","actor_id":"c1762b36-5050-4971-9e08-087492cdd3a7","actor_username":"prpcenayt@gmail.com","actor_via_sso":false,"log_type":"token"}	2024-12-11 14:01:46.233223+00	
00000000-0000-0000-0000-000000000000	fb5afc88-0c1e-457c-a196-ef9ba9e256c7	{"action":"token_refreshed","actor_id":"c1762b36-5050-4971-9e08-087492cdd3a7","actor_username":"prpcenayt@gmail.com","actor_via_sso":false,"log_type":"token"}	2024-12-20 00:51:50.99962+00	
00000000-0000-0000-0000-000000000000	97aa4d41-8094-449e-a40d-2a1aa71040fe	{"action":"user_signedup","actor_id":"03622b21-0726-4f4a-b12e-9259d96ee7b3","actor_username":"prpcenayt@icloud.com","actor_via_sso":false,"log_type":"team","traits":{"provider":"email"}}	2024-12-20 00:53:12.82125+00	
00000000-0000-0000-0000-000000000000	ab1f61ea-a883-49a8-8a03-9208b8ec1870	{"action":"login","actor_id":"03622b21-0726-4f4a-b12e-9259d96ee7b3","actor_username":"prpcenayt@icloud.com","actor_via_sso":false,"log_type":"account","traits":{"provider":"email"}}	2024-12-20 00:53:12.840273+00	
00000000-0000-0000-0000-000000000000	e84c6f40-f8b3-46c9-8754-575a54271376	{"action":"login","actor_id":"03622b21-0726-4f4a-b12e-9259d96ee7b3","actor_username":"prpcenayt@icloud.com","actor_via_sso":false,"log_type":"account","traits":{"provider":"email"}}	2024-12-20 00:53:43.119023+00	
00000000-0000-0000-0000-000000000000	b57ecc60-de60-48fb-a59c-7ddb46ceb5fc	{"action":"token_refreshed","actor_id":"03622b21-0726-4f4a-b12e-9259d96ee7b3","actor_username":"prpcenayt@icloud.com","actor_via_sso":false,"log_type":"token"}	2024-12-20 01:53:04.664384+00	
00000000-0000-0000-0000-000000000000	89bb1625-126d-48c0-9d8d-854fc0e426f4	{"action":"token_revoked","actor_id":"03622b21-0726-4f4a-b12e-9259d96ee7b3","actor_username":"prpcenayt@icloud.com","actor_via_sso":false,"log_type":"token"}	2024-12-20 01:53:04.666555+00	
00000000-0000-0000-0000-000000000000	7d05b4cb-765e-4ef7-872d-61057e28a834	{"action":"token_refreshed","actor_id":"03622b21-0726-4f4a-b12e-9259d96ee7b3","actor_username":"prpcenayt@icloud.com","actor_via_sso":false,"log_type":"token"}	2024-12-20 03:04:23.508053+00	
00000000-0000-0000-0000-000000000000	3dddbf23-1c29-4d65-b00a-4b8db411e687	{"action":"token_revoked","actor_id":"03622b21-0726-4f4a-b12e-9259d96ee7b3","actor_username":"prpcenayt@icloud.com","actor_via_sso":false,"log_type":"token"}	2024-12-20 03:04:23.508859+00	
00000000-0000-0000-0000-000000000000	a5a3146e-b3ee-478a-a769-3528310b22da	{"action":"token_refreshed","actor_id":"03622b21-0726-4f4a-b12e-9259d96ee7b3","actor_username":"prpcenayt@icloud.com","actor_via_sso":false,"log_type":"token"}	2024-12-20 04:04:53.115746+00	
00000000-0000-0000-0000-000000000000	ba986c95-3974-4226-bd97-47bab80a2d6c	{"action":"token_revoked","actor_id":"03622b21-0726-4f4a-b12e-9259d96ee7b3","actor_username":"prpcenayt@icloud.com","actor_via_sso":false,"log_type":"token"}	2024-12-20 04:04:53.116596+00	
00000000-0000-0000-0000-000000000000	e8a8e7a3-e998-4124-8feb-7ca7166b3971	{"action":"token_refreshed","actor_id":"03622b21-0726-4f4a-b12e-9259d96ee7b3","actor_username":"prpcenayt@icloud.com","actor_via_sso":false,"log_type":"token"}	2024-12-20 05:04:14.83498+00	
00000000-0000-0000-0000-000000000000	3be60e23-f4ad-4458-9330-4038b259feda	{"action":"token_revoked","actor_id":"03622b21-0726-4f4a-b12e-9259d96ee7b3","actor_username":"prpcenayt@icloud.com","actor_via_sso":false,"log_type":"token"}	2024-12-20 05:04:14.835822+00	
00000000-0000-0000-0000-000000000000	c6da29d1-c8f5-4346-bdfc-c13de5385b51	{"action":"token_refreshed","actor_id":"03622b21-0726-4f4a-b12e-9259d96ee7b3","actor_username":"prpcenayt@icloud.com","actor_via_sso":false,"log_type":"token"}	2024-12-20 06:03:38.81558+00	
00000000-0000-0000-0000-000000000000	0d7e79c6-8b2e-4739-a4ae-b3350ec91e80	{"action":"token_revoked","actor_id":"03622b21-0726-4f4a-b12e-9259d96ee7b3","actor_username":"prpcenayt@icloud.com","actor_via_sso":false,"log_type":"token"}	2024-12-20 06:03:38.816426+00	
00000000-0000-0000-0000-000000000000	ba72beea-2f76-4c11-9a51-3ad5ace51e95	{"action":"token_refreshed","actor_id":"03622b21-0726-4f4a-b12e-9259d96ee7b3","actor_username":"prpcenayt@icloud.com","actor_via_sso":false,"log_type":"token"}	2024-12-20 07:08:12.27338+00	
00000000-0000-0000-0000-000000000000	2b5ae60d-28ba-4271-8c2c-4124963bc52b	{"action":"token_revoked","actor_id":"03622b21-0726-4f4a-b12e-9259d96ee7b3","actor_username":"prpcenayt@icloud.com","actor_via_sso":false,"log_type":"token"}	2024-12-20 07:08:12.276688+00	
00000000-0000-0000-0000-000000000000	955c6461-463e-4799-bc4d-8fbd0e62453b	{"action":"token_refreshed","actor_id":"03622b21-0726-4f4a-b12e-9259d96ee7b3","actor_username":"prpcenayt@icloud.com","actor_via_sso":false,"log_type":"token"}	2024-12-20 08:12:35.678965+00	
00000000-0000-0000-0000-000000000000	00c9849a-a147-4318-ac56-bf54d7203a54	{"action":"token_revoked","actor_id":"03622b21-0726-4f4a-b12e-9259d96ee7b3","actor_username":"prpcenayt@icloud.com","actor_via_sso":false,"log_type":"token"}	2024-12-20 08:12:35.68061+00	
00000000-0000-0000-0000-000000000000	6018d393-c5e2-4023-8b34-bfead9904318	{"action":"token_refreshed","actor_id":"03622b21-0726-4f4a-b12e-9259d96ee7b3","actor_username":"prpcenayt@icloud.com","actor_via_sso":false,"log_type":"token"}	2024-12-20 09:19:18.003281+00	
00000000-0000-0000-0000-000000000000	8a42ef68-2803-4bac-af00-5db6031afb89	{"action":"token_revoked","actor_id":"03622b21-0726-4f4a-b12e-9259d96ee7b3","actor_username":"prpcenayt@icloud.com","actor_via_sso":false,"log_type":"token"}	2024-12-20 09:19:18.004215+00	
00000000-0000-0000-0000-000000000000	7b5a0790-bb37-465e-85f5-acffb7bccf9d	{"action":"token_refreshed","actor_id":"03622b21-0726-4f4a-b12e-9259d96ee7b3","actor_username":"prpcenayt@icloud.com","actor_via_sso":false,"log_type":"token"}	2024-12-20 10:24:36.35367+00	
00000000-0000-0000-0000-000000000000	0a02ae61-ff87-4700-bb04-86aa6951a7bb	{"action":"token_revoked","actor_id":"03622b21-0726-4f4a-b12e-9259d96ee7b3","actor_username":"prpcenayt@icloud.com","actor_via_sso":false,"log_type":"token"}	2024-12-20 10:24:36.355216+00	
00000000-0000-0000-0000-000000000000	880e61aa-3d47-4e1c-9a0e-ce0f1a381aed	{"action":"token_refreshed","actor_id":"03622b21-0726-4f4a-b12e-9259d96ee7b3","actor_username":"prpcenayt@icloud.com","actor_via_sso":false,"log_type":"token"}	2024-12-20 11:37:40.292165+00	
00000000-0000-0000-0000-000000000000	c9f3695d-aaea-482a-9270-b677d1c11fb7	{"action":"token_revoked","actor_id":"03622b21-0726-4f4a-b12e-9259d96ee7b3","actor_username":"prpcenayt@icloud.com","actor_via_sso":false,"log_type":"token"}	2024-12-20 11:37:40.293566+00	
00000000-0000-0000-0000-000000000000	37bc3ff6-47c5-4813-8290-3eaf5cef414e	{"action":"token_refreshed","actor_id":"03622b21-0726-4f4a-b12e-9259d96ee7b3","actor_username":"prpcenayt@icloud.com","actor_via_sso":false,"log_type":"token"}	2024-12-20 12:51:55.200063+00	
00000000-0000-0000-0000-000000000000	8a528f8e-eb86-445c-8784-46ef133790f8	{"action":"token_revoked","actor_id":"03622b21-0726-4f4a-b12e-9259d96ee7b3","actor_username":"prpcenayt@icloud.com","actor_via_sso":false,"log_type":"token"}	2024-12-20 12:51:55.200963+00	
00000000-0000-0000-0000-000000000000	6c7775e3-07bc-47ef-adbd-98cbd6cff587	{"action":"token_refreshed","actor_id":"03622b21-0726-4f4a-b12e-9259d96ee7b3","actor_username":"prpcenayt@icloud.com","actor_via_sso":false,"log_type":"token"}	2024-12-20 13:51:18.92743+00	
00000000-0000-0000-0000-000000000000	5d1dfe16-d15f-4200-9bd1-0d5d2c658bf1	{"action":"token_revoked","actor_id":"03622b21-0726-4f4a-b12e-9259d96ee7b3","actor_username":"prpcenayt@icloud.com","actor_via_sso":false,"log_type":"token"}	2024-12-20 13:51:18.928361+00	
00000000-0000-0000-0000-000000000000	e43179d1-4c4b-457c-836a-9267ee2d4773	{"action":"token_refreshed","actor_id":"03622b21-0726-4f4a-b12e-9259d96ee7b3","actor_username":"prpcenayt@icloud.com","actor_via_sso":false,"log_type":"token"}	2024-12-20 14:50:38.909469+00	
00000000-0000-0000-0000-000000000000	33d31c98-bc77-49ee-b3ad-d33e444306b8	{"action":"token_revoked","actor_id":"03622b21-0726-4f4a-b12e-9259d96ee7b3","actor_username":"prpcenayt@icloud.com","actor_via_sso":false,"log_type":"token"}	2024-12-20 14:50:38.910344+00	
00000000-0000-0000-0000-000000000000	cdd392f1-e761-485d-a9d9-f8026fac63f6	{"action":"token_refreshed","actor_id":"03622b21-0726-4f4a-b12e-9259d96ee7b3","actor_username":"prpcenayt@icloud.com","actor_via_sso":false,"log_type":"token"}	2024-12-20 16:00:05.448888+00	
00000000-0000-0000-0000-000000000000	faac10bc-22c5-4f9f-9913-c9c6dc6d34e9	{"action":"token_revoked","actor_id":"03622b21-0726-4f4a-b12e-9259d96ee7b3","actor_username":"prpcenayt@icloud.com","actor_via_sso":false,"log_type":"token"}	2024-12-20 16:00:05.450576+00	
00000000-0000-0000-0000-000000000000	21a853ec-6b24-4c0b-bf10-d5e36beec4fa	{"action":"token_refreshed","actor_id":"03622b21-0726-4f4a-b12e-9259d96ee7b3","actor_username":"prpcenayt@icloud.com","actor_via_sso":false,"log_type":"token"}	2024-12-20 17:04:21.543133+00	
00000000-0000-0000-0000-000000000000	7118ce6e-e0d9-4def-b77a-46d404c8cb60	{"action":"token_revoked","actor_id":"03622b21-0726-4f4a-b12e-9259d96ee7b3","actor_username":"prpcenayt@icloud.com","actor_via_sso":false,"log_type":"token"}	2024-12-20 17:04:21.544756+00	
00000000-0000-0000-0000-000000000000	3e7471b4-d99e-4bca-b014-2872030701ab	{"action":"token_refreshed","actor_id":"03622b21-0726-4f4a-b12e-9259d96ee7b3","actor_username":"prpcenayt@icloud.com","actor_via_sso":false,"log_type":"token"}	2024-12-20 18:18:47.527442+00	
00000000-0000-0000-0000-000000000000	c787058f-44a3-4484-b809-1c27b24945f4	{"action":"token_revoked","actor_id":"03622b21-0726-4f4a-b12e-9259d96ee7b3","actor_username":"prpcenayt@icloud.com","actor_via_sso":false,"log_type":"token"}	2024-12-20 18:18:47.529485+00	
00000000-0000-0000-0000-000000000000	b244d968-eb45-41a2-a9b0-cbf7dabce60d	{"action":"token_refreshed","actor_id":"03622b21-0726-4f4a-b12e-9259d96ee7b3","actor_username":"prpcenayt@icloud.com","actor_via_sso":false,"log_type":"token"}	2024-12-20 19:20:38.346895+00	
00000000-0000-0000-0000-000000000000	9ed1d951-682c-4b98-8509-6ad64b078d50	{"action":"token_revoked","actor_id":"03622b21-0726-4f4a-b12e-9259d96ee7b3","actor_username":"prpcenayt@icloud.com","actor_via_sso":false,"log_type":"token"}	2024-12-20 19:20:38.347813+00	
00000000-0000-0000-0000-000000000000	90cf2407-9344-4e12-8248-5dca367a430e	{"action":"token_refreshed","actor_id":"03622b21-0726-4f4a-b12e-9259d96ee7b3","actor_username":"prpcenayt@icloud.com","actor_via_sso":false,"log_type":"token"}	2024-12-20 20:30:40.522552+00	
00000000-0000-0000-0000-000000000000	bc43f88e-ce42-4224-b056-4e1d83f6f193	{"action":"token_revoked","actor_id":"03622b21-0726-4f4a-b12e-9259d96ee7b3","actor_username":"prpcenayt@icloud.com","actor_via_sso":false,"log_type":"token"}	2024-12-20 20:30:40.524784+00	
00000000-0000-0000-0000-000000000000	2ce8ca74-dba6-47aa-aeb6-d985abcc2bef	{"action":"token_refreshed","actor_id":"03622b21-0726-4f4a-b12e-9259d96ee7b3","actor_username":"prpcenayt@icloud.com","actor_via_sso":false,"log_type":"token"}	2024-12-20 21:31:40.47155+00	
00000000-0000-0000-0000-000000000000	a760d5fc-ac0f-4dcd-9cd2-cfe322f41d6a	{"action":"token_revoked","actor_id":"03622b21-0726-4f4a-b12e-9259d96ee7b3","actor_username":"prpcenayt@icloud.com","actor_via_sso":false,"log_type":"token"}	2024-12-20 21:31:40.473593+00	
00000000-0000-0000-0000-000000000000	85006a0e-02c2-463e-a6b1-e22604d42be1	{"action":"token_refreshed","actor_id":"03622b21-0726-4f4a-b12e-9259d96ee7b3","actor_username":"prpcenayt@icloud.com","actor_via_sso":false,"log_type":"token"}	2024-12-20 22:32:40.413475+00	
00000000-0000-0000-0000-000000000000	2ad6194e-8c35-49d7-9614-fa1d4aa01382	{"action":"token_revoked","actor_id":"03622b21-0726-4f4a-b12e-9259d96ee7b3","actor_username":"prpcenayt@icloud.com","actor_via_sso":false,"log_type":"token"}	2024-12-20 22:32:40.415838+00	
00000000-0000-0000-0000-000000000000	690c455a-2039-4395-ba50-bd16c98644ac	{"action":"token_refreshed","actor_id":"03622b21-0726-4f4a-b12e-9259d96ee7b3","actor_username":"prpcenayt@icloud.com","actor_via_sso":false,"log_type":"token"}	2024-12-20 23:33:40.785323+00	
00000000-0000-0000-0000-000000000000	f1daac29-c14e-4556-9e13-6c4f1b45d62e	{"action":"token_revoked","actor_id":"03622b21-0726-4f4a-b12e-9259d96ee7b3","actor_username":"prpcenayt@icloud.com","actor_via_sso":false,"log_type":"token"}	2024-12-20 23:33:40.786932+00	
00000000-0000-0000-0000-000000000000	b43c91e7-7377-4639-863b-f7c3fa28af5c	{"action":"token_refreshed","actor_id":"03622b21-0726-4f4a-b12e-9259d96ee7b3","actor_username":"prpcenayt@icloud.com","actor_via_sso":false,"log_type":"token"}	2024-12-21 00:34:40.628414+00	
00000000-0000-0000-0000-000000000000	4c0877a2-8112-4416-9d04-fcf57b5e2d79	{"action":"token_revoked","actor_id":"03622b21-0726-4f4a-b12e-9259d96ee7b3","actor_username":"prpcenayt@icloud.com","actor_via_sso":false,"log_type":"token"}	2024-12-21 00:34:40.631191+00	
00000000-0000-0000-0000-000000000000	0980eacf-b761-48a1-b07c-3df5510d4cc2	{"action":"token_refreshed","actor_id":"03622b21-0726-4f4a-b12e-9259d96ee7b3","actor_username":"prpcenayt@icloud.com","actor_via_sso":false,"log_type":"token"}	2024-12-21 01:35:40.465744+00	
00000000-0000-0000-0000-000000000000	5d634448-3534-45a7-b49c-e0246c851c0d	{"action":"token_revoked","actor_id":"03622b21-0726-4f4a-b12e-9259d96ee7b3","actor_username":"prpcenayt@icloud.com","actor_via_sso":false,"log_type":"token"}	2024-12-21 01:35:40.467938+00	
00000000-0000-0000-0000-000000000000	61063450-aada-44b0-8071-bd1f49fc5b9c	{"action":"token_refreshed","actor_id":"03622b21-0726-4f4a-b12e-9259d96ee7b3","actor_username":"prpcenayt@icloud.com","actor_via_sso":false,"log_type":"token"}	2024-12-21 02:35:09.278884+00	
00000000-0000-0000-0000-000000000000	9ce35d22-4cac-4524-9f32-3bb1865eeb78	{"action":"token_revoked","actor_id":"03622b21-0726-4f4a-b12e-9259d96ee7b3","actor_username":"prpcenayt@icloud.com","actor_via_sso":false,"log_type":"token"}	2024-12-21 02:35:09.293203+00	
00000000-0000-0000-0000-000000000000	4a1b843b-ac6b-4344-97ae-af061c0e22db	{"action":"token_refreshed","actor_id":"03622b21-0726-4f4a-b12e-9259d96ee7b3","actor_username":"prpcenayt@icloud.com","actor_via_sso":false,"log_type":"token"}	2024-12-21 03:34:38.155956+00	
00000000-0000-0000-0000-000000000000	c7a6a17c-2a41-43ef-8176-7136a840a3b4	{"action":"token_revoked","actor_id":"03622b21-0726-4f4a-b12e-9259d96ee7b3","actor_username":"prpcenayt@icloud.com","actor_via_sso":false,"log_type":"token"}	2024-12-21 03:34:38.159467+00	
00000000-0000-0000-0000-000000000000	4c6c0fe0-84bc-4efa-a58e-5495a01d10ed	{"action":"token_refreshed","actor_id":"03622b21-0726-4f4a-b12e-9259d96ee7b3","actor_username":"prpcenayt@icloud.com","actor_via_sso":false,"log_type":"token"}	2024-12-21 04:34:07.881918+00	
00000000-0000-0000-0000-000000000000	5249c711-2acc-4322-85ab-074cfe96a940	{"action":"token_revoked","actor_id":"03622b21-0726-4f4a-b12e-9259d96ee7b3","actor_username":"prpcenayt@icloud.com","actor_via_sso":false,"log_type":"token"}	2024-12-21 04:34:07.883451+00	
00000000-0000-0000-0000-000000000000	4a5bc84e-7563-480e-8c78-c35d6c718dcf	{"action":"token_refreshed","actor_id":"03622b21-0726-4f4a-b12e-9259d96ee7b3","actor_username":"prpcenayt@icloud.com","actor_via_sso":false,"log_type":"token"}	2024-12-21 05:33:36.522261+00	
00000000-0000-0000-0000-000000000000	938a5482-a5a3-46a4-9ead-1541f4387f2f	{"action":"token_revoked","actor_id":"03622b21-0726-4f4a-b12e-9259d96ee7b3","actor_username":"prpcenayt@icloud.com","actor_via_sso":false,"log_type":"token"}	2024-12-21 05:33:36.523776+00	
00000000-0000-0000-0000-000000000000	f9d54bde-18ac-441d-82d4-f675116b2d73	{"action":"token_refreshed","actor_id":"03622b21-0726-4f4a-b12e-9259d96ee7b3","actor_username":"prpcenayt@icloud.com","actor_via_sso":false,"log_type":"token"}	2024-12-21 06:32:57.680337+00	
00000000-0000-0000-0000-000000000000	3ca8f450-dccf-47a2-bbc8-51c6e467784e	{"action":"token_revoked","actor_id":"03622b21-0726-4f4a-b12e-9259d96ee7b3","actor_username":"prpcenayt@icloud.com","actor_via_sso":false,"log_type":"token"}	2024-12-21 06:32:57.689391+00	
00000000-0000-0000-0000-000000000000	c7294ccb-0b79-4c6b-913a-1acc8985fcd2	{"action":"token_refreshed","actor_id":"03622b21-0726-4f4a-b12e-9259d96ee7b3","actor_username":"prpcenayt@icloud.com","actor_via_sso":false,"log_type":"token"}	2024-12-21 07:47:43.309817+00	
00000000-0000-0000-0000-000000000000	cf035edc-785a-40ec-b0a5-7f8e4afd9c20	{"action":"token_revoked","actor_id":"03622b21-0726-4f4a-b12e-9259d96ee7b3","actor_username":"prpcenayt@icloud.com","actor_via_sso":false,"log_type":"token"}	2024-12-21 07:47:43.316848+00	
00000000-0000-0000-0000-000000000000	7fcab71f-89d2-4733-aded-d0c1d87f098c	{"action":"token_refreshed","actor_id":"03622b21-0726-4f4a-b12e-9259d96ee7b3","actor_username":"prpcenayt@icloud.com","actor_via_sso":false,"log_type":"token"}	2024-12-21 08:52:10.201658+00	
00000000-0000-0000-0000-000000000000	7e41ce1a-506a-46ee-a057-c8d14bbd5fac	{"action":"token_revoked","actor_id":"03622b21-0726-4f4a-b12e-9259d96ee7b3","actor_username":"prpcenayt@icloud.com","actor_via_sso":false,"log_type":"token"}	2024-12-21 08:52:10.203381+00	
00000000-0000-0000-0000-000000000000	8a1c4d2d-1854-4dad-87eb-5efb66d5ddeb	{"action":"token_refreshed","actor_id":"03622b21-0726-4f4a-b12e-9259d96ee7b3","actor_username":"prpcenayt@icloud.com","actor_via_sso":false,"log_type":"token"}	2024-12-21 09:51:35.887165+00	
00000000-0000-0000-0000-000000000000	8875d64b-9da6-48c7-b79d-78c47bcfc511	{"action":"token_revoked","actor_id":"03622b21-0726-4f4a-b12e-9259d96ee7b3","actor_username":"prpcenayt@icloud.com","actor_via_sso":false,"log_type":"token"}	2024-12-21 09:51:35.889713+00	
00000000-0000-0000-0000-000000000000	0220f320-ccc0-451e-aacf-4d2272d19d3a	{"action":"token_refreshed","actor_id":"03622b21-0726-4f4a-b12e-9259d96ee7b3","actor_username":"prpcenayt@icloud.com","actor_via_sso":false,"log_type":"token"}	2024-12-21 10:56:12.484019+00	
00000000-0000-0000-0000-000000000000	ef9a270b-ca75-4d4d-b18a-9fe2554c430d	{"action":"token_revoked","actor_id":"03622b21-0726-4f4a-b12e-9259d96ee7b3","actor_username":"prpcenayt@icloud.com","actor_via_sso":false,"log_type":"token"}	2024-12-21 10:56:12.485535+00	
00000000-0000-0000-0000-000000000000	9eaaf6e0-5c67-47cd-9c48-b1bb23887a2c	{"action":"token_refreshed","actor_id":"03622b21-0726-4f4a-b12e-9259d96ee7b3","actor_username":"prpcenayt@icloud.com","actor_via_sso":false,"log_type":"token"}	2024-12-21 12:01:43.376794+00	
00000000-0000-0000-0000-000000000000	75af147f-2f75-47d6-a35f-e260c01c06fc	{"action":"token_revoked","actor_id":"03622b21-0726-4f4a-b12e-9259d96ee7b3","actor_username":"prpcenayt@icloud.com","actor_via_sso":false,"log_type":"token"}	2024-12-21 12:01:43.377762+00	
00000000-0000-0000-0000-000000000000	fb85acc0-9e0b-4ae6-ae94-714bf71fb736	{"action":"token_refreshed","actor_id":"03622b21-0726-4f4a-b12e-9259d96ee7b3","actor_username":"prpcenayt@icloud.com","actor_via_sso":false,"log_type":"token"}	2024-12-21 13:01:11.622367+00	
00000000-0000-0000-0000-000000000000	c0bb1f56-5a07-425f-88e9-2c4484805930	{"action":"token_revoked","actor_id":"03622b21-0726-4f4a-b12e-9259d96ee7b3","actor_username":"prpcenayt@icloud.com","actor_via_sso":false,"log_type":"token"}	2024-12-21 13:01:11.623999+00	
00000000-0000-0000-0000-000000000000	865a83cd-7db4-4b5a-98ae-b8cd94925033	{"action":"token_refreshed","actor_id":"03622b21-0726-4f4a-b12e-9259d96ee7b3","actor_username":"prpcenayt@icloud.com","actor_via_sso":false,"log_type":"token"}	2024-12-21 14:00:41.520191+00	
00000000-0000-0000-0000-000000000000	f917fc33-9c47-48bd-a0f9-ec8b124b4006	{"action":"token_revoked","actor_id":"03622b21-0726-4f4a-b12e-9259d96ee7b3","actor_username":"prpcenayt@icloud.com","actor_via_sso":false,"log_type":"token"}	2024-12-21 14:00:41.521313+00	
00000000-0000-0000-0000-000000000000	ef8d5bba-5c83-48d7-9330-ca5f9af3bddb	{"action":"token_refreshed","actor_id":"03622b21-0726-4f4a-b12e-9259d96ee7b3","actor_username":"prpcenayt@icloud.com","actor_via_sso":false,"log_type":"token"}	2024-12-21 15:00:20.025453+00	
00000000-0000-0000-0000-000000000000	597d7fa7-840c-40e4-abff-c0de0ee7b899	{"action":"token_revoked","actor_id":"03622b21-0726-4f4a-b12e-9259d96ee7b3","actor_username":"prpcenayt@icloud.com","actor_via_sso":false,"log_type":"token"}	2024-12-21 15:00:20.026534+00	
00000000-0000-0000-0000-000000000000	a36bd2f3-0c95-4e2b-b314-ad0e61e25f0e	{"action":"token_refreshed","actor_id":"03622b21-0726-4f4a-b12e-9259d96ee7b3","actor_username":"prpcenayt@icloud.com","actor_via_sso":false,"log_type":"token"}	2024-12-21 16:02:41.139157+00	
00000000-0000-0000-0000-000000000000	f9d69395-4459-4f85-a269-5ec2238e3e40	{"action":"token_revoked","actor_id":"03622b21-0726-4f4a-b12e-9259d96ee7b3","actor_username":"prpcenayt@icloud.com","actor_via_sso":false,"log_type":"token"}	2024-12-21 16:02:41.140039+00	
00000000-0000-0000-0000-000000000000	9ca2eda8-36b9-47cd-ab58-02651d514aee	{"action":"token_refreshed","actor_id":"03622b21-0726-4f4a-b12e-9259d96ee7b3","actor_username":"prpcenayt@icloud.com","actor_via_sso":false,"log_type":"token"}	2024-12-21 17:19:23.903688+00	
00000000-0000-0000-0000-000000000000	ca46a5c9-5617-4131-86a3-c0a3246c40f3	{"action":"token_revoked","actor_id":"03622b21-0726-4f4a-b12e-9259d96ee7b3","actor_username":"prpcenayt@icloud.com","actor_via_sso":false,"log_type":"token"}	2024-12-21 17:19:23.904679+00	
00000000-0000-0000-0000-000000000000	a9957cc8-dfe0-4b8d-972d-86b0e356c3bb	{"action":"token_refreshed","actor_id":"03622b21-0726-4f4a-b12e-9259d96ee7b3","actor_username":"prpcenayt@icloud.com","actor_via_sso":false,"log_type":"token"}	2024-12-21 18:27:22.43219+00	
00000000-0000-0000-0000-000000000000	5612dc5a-7197-4bfc-a429-43ea83761b83	{"action":"token_revoked","actor_id":"03622b21-0726-4f4a-b12e-9259d96ee7b3","actor_username":"prpcenayt@icloud.com","actor_via_sso":false,"log_type":"token"}	2024-12-21 18:27:22.433129+00	
00000000-0000-0000-0000-000000000000	b8d05ce1-3b9c-4982-a88f-5a07596ae6e2	{"action":"token_refreshed","actor_id":"03622b21-0726-4f4a-b12e-9259d96ee7b3","actor_username":"prpcenayt@icloud.com","actor_via_sso":false,"log_type":"token"}	2024-12-21 19:32:10.975718+00	
00000000-0000-0000-0000-000000000000	27f09a62-0c92-4031-bb3b-1cd505f3671e	{"action":"token_revoked","actor_id":"03622b21-0726-4f4a-b12e-9259d96ee7b3","actor_username":"prpcenayt@icloud.com","actor_via_sso":false,"log_type":"token"}	2024-12-21 19:32:10.976613+00	
00000000-0000-0000-0000-000000000000	af717da1-1499-452f-8501-1c15f6c30742	{"action":"token_refreshed","actor_id":"03622b21-0726-4f4a-b12e-9259d96ee7b3","actor_username":"prpcenayt@icloud.com","actor_via_sso":false,"log_type":"token"}	2024-12-21 20:34:24.975847+00	
00000000-0000-0000-0000-000000000000	672c4f81-3b3e-412e-8558-a1d0b10ad55e	{"action":"token_revoked","actor_id":"03622b21-0726-4f4a-b12e-9259d96ee7b3","actor_username":"prpcenayt@icloud.com","actor_via_sso":false,"log_type":"token"}	2024-12-21 20:34:24.976901+00	
00000000-0000-0000-0000-000000000000	393ecf50-509f-4aef-b224-c1c7b07b6932	{"action":"token_refreshed","actor_id":"03622b21-0726-4f4a-b12e-9259d96ee7b3","actor_username":"prpcenayt@icloud.com","actor_via_sso":false,"log_type":"token"}	2024-12-21 21:57:20.975621+00	
00000000-0000-0000-0000-000000000000	e14ea924-886a-43cd-8bd7-50a5ef2b1e3d	{"action":"token_revoked","actor_id":"03622b21-0726-4f4a-b12e-9259d96ee7b3","actor_username":"prpcenayt@icloud.com","actor_via_sso":false,"log_type":"token"}	2024-12-21 21:57:20.977424+00	
00000000-0000-0000-0000-000000000000	4d6ad808-9ee9-4b6c-89e4-171144501232	{"action":"token_refreshed","actor_id":"03622b21-0726-4f4a-b12e-9259d96ee7b3","actor_username":"prpcenayt@icloud.com","actor_via_sso":false,"log_type":"token"}	2024-12-21 23:06:02.195418+00	
00000000-0000-0000-0000-000000000000	ec129428-9805-4785-931b-21d7e88989ea	{"action":"token_revoked","actor_id":"03622b21-0726-4f4a-b12e-9259d96ee7b3","actor_username":"prpcenayt@icloud.com","actor_via_sso":false,"log_type":"token"}	2024-12-21 23:06:02.19695+00	
00000000-0000-0000-0000-000000000000	79936b74-883a-4930-a498-8d87238d74a8	{"action":"token_refreshed","actor_id":"03622b21-0726-4f4a-b12e-9259d96ee7b3","actor_username":"prpcenayt@icloud.com","actor_via_sso":false,"log_type":"token"}	2024-12-22 00:20:07.275119+00	
00000000-0000-0000-0000-000000000000	24cbd2f4-708d-4a68-8853-a81643e05210	{"action":"token_revoked","actor_id":"03622b21-0726-4f4a-b12e-9259d96ee7b3","actor_username":"prpcenayt@icloud.com","actor_via_sso":false,"log_type":"token"}	2024-12-22 00:20:07.276708+00	
00000000-0000-0000-0000-000000000000	3f210ff8-95f0-45e5-ab13-95299d164f6f	{"action":"token_refreshed","actor_id":"03622b21-0726-4f4a-b12e-9259d96ee7b3","actor_username":"prpcenayt@icloud.com","actor_via_sso":false,"log_type":"token"}	2024-12-22 01:21:05.463656+00	
00000000-0000-0000-0000-000000000000	1d15d62d-4cec-4ef3-a4da-0c77cf11505b	{"action":"token_revoked","actor_id":"03622b21-0726-4f4a-b12e-9259d96ee7b3","actor_username":"prpcenayt@icloud.com","actor_via_sso":false,"log_type":"token"}	2024-12-22 01:21:05.464673+00	
00000000-0000-0000-0000-000000000000	5b7c0e3c-684c-4534-969d-b674c3e2d2dd	{"action":"token_refreshed","actor_id":"03622b21-0726-4f4a-b12e-9259d96ee7b3","actor_username":"prpcenayt@icloud.com","actor_via_sso":false,"log_type":"token"}	2024-12-22 02:20:33.441217+00	
00000000-0000-0000-0000-000000000000	2d2adedd-2de2-4c67-af85-d6462363b1bf	{"action":"token_revoked","actor_id":"03622b21-0726-4f4a-b12e-9259d96ee7b3","actor_username":"prpcenayt@icloud.com","actor_via_sso":false,"log_type":"token"}	2024-12-22 02:20:33.442734+00	
00000000-0000-0000-0000-000000000000	d72288c6-94a6-43fb-84fe-de490904f4be	{"action":"token_refreshed","actor_id":"03622b21-0726-4f4a-b12e-9259d96ee7b3","actor_username":"prpcenayt@icloud.com","actor_via_sso":false,"log_type":"token"}	2024-12-22 03:21:36.603166+00	
00000000-0000-0000-0000-000000000000	5b6733ae-a929-4894-b875-b70c3b25afb6	{"action":"token_revoked","actor_id":"03622b21-0726-4f4a-b12e-9259d96ee7b3","actor_username":"prpcenayt@icloud.com","actor_via_sso":false,"log_type":"token"}	2024-12-22 03:21:36.60415+00	
00000000-0000-0000-0000-000000000000	45d5d1c9-7d55-4934-800e-b67ecbaa3aca	{"action":"token_refreshed","actor_id":"03622b21-0726-4f4a-b12e-9259d96ee7b3","actor_username":"prpcenayt@icloud.com","actor_via_sso":false,"log_type":"token"}	2024-12-22 04:21:03.606546+00	
00000000-0000-0000-0000-000000000000	bde6f0bd-1107-4660-a077-069882244862	{"action":"token_revoked","actor_id":"03622b21-0726-4f4a-b12e-9259d96ee7b3","actor_username":"prpcenayt@icloud.com","actor_via_sso":false,"log_type":"token"}	2024-12-22 04:21:03.607415+00	
00000000-0000-0000-0000-000000000000	2bf2202d-e177-4faf-99bf-12c43b81ecc0	{"action":"token_refreshed","actor_id":"03622b21-0726-4f4a-b12e-9259d96ee7b3","actor_username":"prpcenayt@icloud.com","actor_via_sso":false,"log_type":"token"}	2024-12-22 05:32:21.830427+00	
00000000-0000-0000-0000-000000000000	408e417a-b0bf-4902-9517-f55061c3abb9	{"action":"token_revoked","actor_id":"03622b21-0726-4f4a-b12e-9259d96ee7b3","actor_username":"prpcenayt@icloud.com","actor_via_sso":false,"log_type":"token"}	2024-12-22 05:32:21.831416+00	
00000000-0000-0000-0000-000000000000	2719491a-83f4-40ff-86bb-79fd318b2791	{"action":"token_refreshed","actor_id":"03622b21-0726-4f4a-b12e-9259d96ee7b3","actor_username":"prpcenayt@icloud.com","actor_via_sso":false,"log_type":"token"}	2024-12-22 06:31:47.505108+00	
00000000-0000-0000-0000-000000000000	b6dedb7c-5213-4e78-9b87-fd04849f2fe1	{"action":"token_revoked","actor_id":"03622b21-0726-4f4a-b12e-9259d96ee7b3","actor_username":"prpcenayt@icloud.com","actor_via_sso":false,"log_type":"token"}	2024-12-22 06:31:47.506146+00	
00000000-0000-0000-0000-000000000000	b529b188-4bd7-44b9-9c10-33a06acd478c	{"action":"token_refreshed","actor_id":"03622b21-0726-4f4a-b12e-9259d96ee7b3","actor_username":"prpcenayt@icloud.com","actor_via_sso":false,"log_type":"token"}	2024-12-22 07:31:14.777982+00	
00000000-0000-0000-0000-000000000000	e0886f56-b101-4cf1-adb0-4ca013d74eac	{"action":"token_revoked","actor_id":"03622b21-0726-4f4a-b12e-9259d96ee7b3","actor_username":"prpcenayt@icloud.com","actor_via_sso":false,"log_type":"token"}	2024-12-22 07:31:14.782731+00	
00000000-0000-0000-0000-000000000000	b31e0e1e-54c0-4209-8124-6987fa4e9b36	{"action":"token_refreshed","actor_id":"03622b21-0726-4f4a-b12e-9259d96ee7b3","actor_username":"prpcenayt@icloud.com","actor_via_sso":false,"log_type":"token"}	2024-12-22 08:43:12.948324+00	
00000000-0000-0000-0000-000000000000	f736deaf-d172-446a-8e2f-78eae7380b4b	{"action":"token_revoked","actor_id":"03622b21-0726-4f4a-b12e-9259d96ee7b3","actor_username":"prpcenayt@icloud.com","actor_via_sso":false,"log_type":"token"}	2024-12-22 08:43:12.950464+00	
00000000-0000-0000-0000-000000000000	181a22d1-01a8-44ef-93e4-ad9170331d8a	{"action":"token_refreshed","actor_id":"03622b21-0726-4f4a-b12e-9259d96ee7b3","actor_username":"prpcenayt@icloud.com","actor_via_sso":false,"log_type":"token"}	2024-12-22 09:42:34.877524+00	
00000000-0000-0000-0000-000000000000	381c8726-90b8-4e4f-bef5-18228680b799	{"action":"token_revoked","actor_id":"03622b21-0726-4f4a-b12e-9259d96ee7b3","actor_username":"prpcenayt@icloud.com","actor_via_sso":false,"log_type":"token"}	2024-12-22 09:42:34.880962+00	
00000000-0000-0000-0000-000000000000	30e4f6b1-186b-4499-8a25-b70c3e401715	{"action":"token_refreshed","actor_id":"03622b21-0726-4f4a-b12e-9259d96ee7b3","actor_username":"prpcenayt@icloud.com","actor_via_sso":false,"log_type":"token"}	2024-12-22 10:41:54.941879+00	
00000000-0000-0000-0000-000000000000	4930a3e9-35c3-42aa-8a54-c4f069b83799	{"action":"token_revoked","actor_id":"03622b21-0726-4f4a-b12e-9259d96ee7b3","actor_username":"prpcenayt@icloud.com","actor_via_sso":false,"log_type":"token"}	2024-12-22 10:41:54.951754+00	
00000000-0000-0000-0000-000000000000	074c7524-255f-49dd-8fce-c81b9934fd08	{"action":"logout","actor_id":"03622b21-0726-4f4a-b12e-9259d96ee7b3","actor_username":"prpcenayt@icloud.com","actor_via_sso":false,"log_type":"account"}	2024-12-22 10:58:02.214529+00	
00000000-0000-0000-0000-000000000000	16316ccd-5e93-44c8-9524-fc2b1f056236	{"action":"user_signedup","actor_id":"94253385-8849-41ef-b42b-2c0a277a93c2","actor_username":"prp@gmail.com","actor_via_sso":false,"log_type":"team","traits":{"provider":"email"}}	2024-12-22 11:02:45.659422+00	
00000000-0000-0000-0000-000000000000	6b399297-75e1-4fff-a950-17e16d47c3c7	{"action":"login","actor_id":"94253385-8849-41ef-b42b-2c0a277a93c2","actor_username":"prp@gmail.com","actor_via_sso":false,"log_type":"account","traits":{"provider":"email"}}	2024-12-22 11:02:45.667108+00	
00000000-0000-0000-0000-000000000000	ecfdad8f-ed51-468c-808c-ff5b5ba5c7fe	{"action":"logout","actor_id":"94253385-8849-41ef-b42b-2c0a277a93c2","actor_username":"prp@gmail.com","actor_via_sso":false,"log_type":"account"}	2024-12-22 11:02:56.441262+00	
00000000-0000-0000-0000-000000000000	ed3db11e-5bdf-4d10-b3c7-a1622d45515c	{"action":"login","actor_id":"94253385-8849-41ef-b42b-2c0a277a93c2","actor_username":"prp@gmail.com","actor_via_sso":false,"log_type":"account","traits":{"provider":"email"}}	2024-12-22 11:18:48.971045+00	
00000000-0000-0000-0000-000000000000	20c71879-d099-4bbb-bb53-db7cdcfac604	{"action":"logout","actor_id":"94253385-8849-41ef-b42b-2c0a277a93c2","actor_username":"prp@gmail.com","actor_via_sso":false,"log_type":"account"}	2024-12-22 11:18:51.720195+00	
00000000-0000-0000-0000-000000000000	9a6036f5-f1a8-47fa-a9d1-2fe90196bcb0	{"action":"login","actor_id":"03622b21-0726-4f4a-b12e-9259d96ee7b3","actor_username":"prpcenayt@icloud.com","actor_via_sso":false,"log_type":"account","traits":{"provider":"email"}}	2024-12-22 11:19:10.566627+00	
00000000-0000-0000-0000-000000000000	2807a0a3-fb0b-4493-a83e-92181273c7ee	{"action":"logout","actor_id":"03622b21-0726-4f4a-b12e-9259d96ee7b3","actor_username":"prpcenayt@icloud.com","actor_via_sso":false,"log_type":"account"}	2024-12-22 11:19:13.44284+00	
00000000-0000-0000-0000-000000000000	ed0f53bc-255d-4de1-9eca-c0aa45646b3b	{"action":"login","actor_id":"94253385-8849-41ef-b42b-2c0a277a93c2","actor_username":"prp@gmail.com","actor_via_sso":false,"log_type":"account","traits":{"provider":"email"}}	2024-12-22 11:19:45.475611+00	
00000000-0000-0000-0000-000000000000	a5bee45c-2c1e-4431-a89e-4267ad498bff	{"action":"logout","actor_id":"94253385-8849-41ef-b42b-2c0a277a93c2","actor_username":"prp@gmail.com","actor_via_sso":false,"log_type":"account"}	2024-12-22 11:20:41.035885+00	
00000000-0000-0000-0000-000000000000	8dc10754-4fc2-48dd-bfaf-828ae8d8767a	{"action":"login","actor_id":"94253385-8849-41ef-b42b-2c0a277a93c2","actor_username":"prp@gmail.com","actor_via_sso":false,"log_type":"account","traits":{"provider":"email"}}	2024-12-22 11:20:55.479199+00	
00000000-0000-0000-0000-000000000000	9e3452fd-217c-4a6f-8624-629589fc80b0	{"action":"logout","actor_id":"94253385-8849-41ef-b42b-2c0a277a93c2","actor_username":"prp@gmail.com","actor_via_sso":false,"log_type":"account"}	2024-12-22 11:26:59.387301+00	
00000000-0000-0000-0000-000000000000	b38c0c2d-0b15-4d56-b58c-4875611f03dc	{"action":"user_signedup","actor_id":"729a1c4f-d73d-4ca5-b834-c6789c5aca7e","actor_username":"aka@gmail.com","actor_via_sso":false,"log_type":"team","traits":{"provider":"email"}}	2024-12-22 11:28:44.553434+00	
00000000-0000-0000-0000-000000000000	8dddf4f9-eaa1-4e20-9099-6015d8b18b4a	{"action":"login","actor_id":"729a1c4f-d73d-4ca5-b834-c6789c5aca7e","actor_username":"aka@gmail.com","actor_via_sso":false,"log_type":"account","traits":{"provider":"email"}}	2024-12-22 11:28:44.556239+00	
00000000-0000-0000-0000-000000000000	e5661a5f-b94c-4f92-be4a-17f67cbde8de	{"action":"logout","actor_id":"729a1c4f-d73d-4ca5-b834-c6789c5aca7e","actor_username":"aka@gmail.com","actor_via_sso":false,"log_type":"account"}	2024-12-22 11:32:32.567523+00	
00000000-0000-0000-0000-000000000000	3857c240-9d51-4164-b7bc-5cce12bd5b72	{"action":"login","actor_id":"729a1c4f-d73d-4ca5-b834-c6789c5aca7e","actor_username":"aka@gmail.com","actor_via_sso":false,"log_type":"account","traits":{"provider":"email"}}	2024-12-22 11:32:55.448788+00	
00000000-0000-0000-0000-000000000000	5a1bfd4b-349b-4195-b240-5c5659b6a482	{"action":"token_refreshed","actor_id":"729a1c4f-d73d-4ca5-b834-c6789c5aca7e","actor_username":"aka@gmail.com","actor_via_sso":false,"log_type":"token"}	2024-12-22 12:53:36.228176+00	
00000000-0000-0000-0000-000000000000	73509147-784d-4dc0-8a64-1672e9a7d74d	{"action":"token_revoked","actor_id":"729a1c4f-d73d-4ca5-b834-c6789c5aca7e","actor_username":"aka@gmail.com","actor_via_sso":false,"log_type":"token"}	2024-12-22 12:53:36.229053+00	
00000000-0000-0000-0000-000000000000	b94119fc-b9dc-426d-aadb-aa8b5fa9afd9	{"action":"token_refreshed","actor_id":"729a1c4f-d73d-4ca5-b834-c6789c5aca7e","actor_username":"aka@gmail.com","actor_via_sso":false,"log_type":"token"}	2024-12-22 14:13:11.770575+00	
00000000-0000-0000-0000-000000000000	d1fb038c-079a-4e9e-9e3a-fe808cdc489c	{"action":"token_revoked","actor_id":"729a1c4f-d73d-4ca5-b834-c6789c5aca7e","actor_username":"aka@gmail.com","actor_via_sso":false,"log_type":"token"}	2024-12-22 14:13:11.772832+00	
00000000-0000-0000-0000-000000000000	a565f682-d31c-4799-aa32-2620e701cfae	{"action":"token_refreshed","actor_id":"729a1c4f-d73d-4ca5-b834-c6789c5aca7e","actor_username":"aka@gmail.com","actor_via_sso":false,"log_type":"token"}	2024-12-22 15:27:30.871038+00	
00000000-0000-0000-0000-000000000000	2f348e4c-8c8d-45e7-92bd-1170f394d5b9	{"action":"token_revoked","actor_id":"729a1c4f-d73d-4ca5-b834-c6789c5aca7e","actor_username":"aka@gmail.com","actor_via_sso":false,"log_type":"token"}	2024-12-22 15:27:30.873177+00	
00000000-0000-0000-0000-000000000000	203f2f25-55cb-4bb0-a261-9031da16a6db	{"action":"token_refreshed","actor_id":"729a1c4f-d73d-4ca5-b834-c6789c5aca7e","actor_username":"aka@gmail.com","actor_via_sso":false,"log_type":"token"}	2024-12-22 16:37:30.140679+00	
00000000-0000-0000-0000-000000000000	5e1ecbd6-de6f-4196-b9c8-2ae1f47166b8	{"action":"token_revoked","actor_id":"729a1c4f-d73d-4ca5-b834-c6789c5aca7e","actor_username":"aka@gmail.com","actor_via_sso":false,"log_type":"token"}	2024-12-22 16:37:30.143987+00	
00000000-0000-0000-0000-000000000000	4bd7f2de-d27f-4c08-91eb-6437b628f9e2	{"action":"token_refreshed","actor_id":"729a1c4f-d73d-4ca5-b834-c6789c5aca7e","actor_username":"aka@gmail.com","actor_via_sso":false,"log_type":"token"}	2024-12-22 17:45:27.849474+00	
00000000-0000-0000-0000-000000000000	2cb2be91-9ddc-4748-b8b2-10bc2ab2edd1	{"action":"token_revoked","actor_id":"729a1c4f-d73d-4ca5-b834-c6789c5aca7e","actor_username":"aka@gmail.com","actor_via_sso":false,"log_type":"token"}	2024-12-22 17:45:27.852096+00	
00000000-0000-0000-0000-000000000000	9d215aee-548c-4ae3-8c69-9ad8de025b27	{"action":"token_refreshed","actor_id":"729a1c4f-d73d-4ca5-b834-c6789c5aca7e","actor_username":"aka@gmail.com","actor_via_sso":false,"log_type":"token"}	2024-12-22 18:56:27.558726+00	
00000000-0000-0000-0000-000000000000	eebb36b9-5601-4ea4-a474-d237eff50c02	{"action":"token_revoked","actor_id":"729a1c4f-d73d-4ca5-b834-c6789c5aca7e","actor_username":"aka@gmail.com","actor_via_sso":false,"log_type":"token"}	2024-12-22 18:56:27.561955+00	
00000000-0000-0000-0000-000000000000	80b00947-ad64-48ec-8b32-ef7fc317e8f2	{"action":"token_refreshed","actor_id":"729a1c4f-d73d-4ca5-b834-c6789c5aca7e","actor_username":"aka@gmail.com","actor_via_sso":false,"log_type":"token"}	2024-12-22 20:12:53.779601+00	
00000000-0000-0000-0000-000000000000	19fc72ba-4408-4bdf-8a4f-6ee75fa86272	{"action":"token_revoked","actor_id":"729a1c4f-d73d-4ca5-b834-c6789c5aca7e","actor_username":"aka@gmail.com","actor_via_sso":false,"log_type":"token"}	2024-12-22 20:12:53.781727+00	
00000000-0000-0000-0000-000000000000	dbc016f6-85d8-4eff-8e7a-0b6f00fda8b1	{"action":"token_refreshed","actor_id":"729a1c4f-d73d-4ca5-b834-c6789c5aca7e","actor_username":"aka@gmail.com","actor_via_sso":false,"log_type":"token"}	2024-12-22 21:36:20.286925+00	
00000000-0000-0000-0000-000000000000	6f57fc61-8984-4642-a273-d472ef4a64de	{"action":"token_revoked","actor_id":"729a1c4f-d73d-4ca5-b834-c6789c5aca7e","actor_username":"aka@gmail.com","actor_via_sso":false,"log_type":"token"}	2024-12-22 21:36:20.288647+00	
00000000-0000-0000-0000-000000000000	5aafe618-4173-41ec-816c-c82b28dd08e7	{"action":"token_refreshed","actor_id":"729a1c4f-d73d-4ca5-b834-c6789c5aca7e","actor_username":"aka@gmail.com","actor_via_sso":false,"log_type":"token"}	2024-12-22 23:06:22.39556+00	
00000000-0000-0000-0000-000000000000	46c2fa9e-0e22-40ff-afc6-ee0264102e65	{"action":"token_revoked","actor_id":"729a1c4f-d73d-4ca5-b834-c6789c5aca7e","actor_username":"aka@gmail.com","actor_via_sso":false,"log_type":"token"}	2024-12-22 23:06:22.398237+00	
00000000-0000-0000-0000-000000000000	472db532-38ff-4db3-a041-725bd50bfbc0	{"action":"token_refreshed","actor_id":"729a1c4f-d73d-4ca5-b834-c6789c5aca7e","actor_username":"aka@gmail.com","actor_via_sso":false,"log_type":"token"}	2024-12-23 00:20:13.493167+00	
00000000-0000-0000-0000-000000000000	615ebb61-6933-4505-a9e0-943f4db871d8	{"action":"token_revoked","actor_id":"729a1c4f-d73d-4ca5-b834-c6789c5aca7e","actor_username":"aka@gmail.com","actor_via_sso":false,"log_type":"token"}	2024-12-23 00:20:13.496688+00	
00000000-0000-0000-0000-000000000000	ca5180f2-2dd0-4898-96fe-18ba50d24347	{"action":"token_refreshed","actor_id":"729a1c4f-d73d-4ca5-b834-c6789c5aca7e","actor_username":"aka@gmail.com","actor_via_sso":false,"log_type":"token"}	2024-12-23 01:23:15.954947+00	
00000000-0000-0000-0000-000000000000	805b821c-0ae5-4875-b88a-2b479c6644c9	{"action":"token_revoked","actor_id":"729a1c4f-d73d-4ca5-b834-c6789c5aca7e","actor_username":"aka@gmail.com","actor_via_sso":false,"log_type":"token"}	2024-12-23 01:23:15.958369+00	
00000000-0000-0000-0000-000000000000	7ca6102e-3a0a-4398-8fac-5a75e7ebc7fe	{"action":"token_refreshed","actor_id":"729a1c4f-d73d-4ca5-b834-c6789c5aca7e","actor_username":"aka@gmail.com","actor_via_sso":false,"log_type":"token"}	2024-12-23 02:35:09.257675+00	
00000000-0000-0000-0000-000000000000	65d7d0a4-f494-4d02-9a68-00e5f7f1c6b8	{"action":"token_revoked","actor_id":"729a1c4f-d73d-4ca5-b834-c6789c5aca7e","actor_username":"aka@gmail.com","actor_via_sso":false,"log_type":"token"}	2024-12-23 02:35:09.265697+00	
00000000-0000-0000-0000-000000000000	a7d6274f-643e-4b4b-ae86-251c236f0445	{"action":"token_refreshed","actor_id":"729a1c4f-d73d-4ca5-b834-c6789c5aca7e","actor_username":"aka@gmail.com","actor_via_sso":false,"log_type":"token"}	2024-12-23 03:51:09.151906+00	
00000000-0000-0000-0000-000000000000	f34fa7e7-9f03-4393-a3e5-1227352e3850	{"action":"token_revoked","actor_id":"729a1c4f-d73d-4ca5-b834-c6789c5aca7e","actor_username":"aka@gmail.com","actor_via_sso":false,"log_type":"token"}	2024-12-23 03:51:09.15357+00	
00000000-0000-0000-0000-000000000000	04eee18b-63d8-4215-93ce-c1c57083f36d	{"action":"token_refreshed","actor_id":"729a1c4f-d73d-4ca5-b834-c6789c5aca7e","actor_username":"aka@gmail.com","actor_via_sso":false,"log_type":"token"}	2024-12-23 04:50:36.157435+00	
00000000-0000-0000-0000-000000000000	899af04d-1c08-41dc-a613-6ba94746fa3b	{"action":"token_revoked","actor_id":"729a1c4f-d73d-4ca5-b834-c6789c5aca7e","actor_username":"aka@gmail.com","actor_via_sso":false,"log_type":"token"}	2024-12-23 04:50:36.159656+00	
00000000-0000-0000-0000-000000000000	da090c8c-728f-43fe-97e6-27bc3b17f35c	{"action":"token_refreshed","actor_id":"729a1c4f-d73d-4ca5-b834-c6789c5aca7e","actor_username":"aka@gmail.com","actor_via_sso":false,"log_type":"token"}	2024-12-23 05:57:20.07155+00	
00000000-0000-0000-0000-000000000000	a14e7d9c-0114-4877-8d64-e5835dfeac2d	{"action":"token_revoked","actor_id":"729a1c4f-d73d-4ca5-b834-c6789c5aca7e","actor_username":"aka@gmail.com","actor_via_sso":false,"log_type":"token"}	2024-12-23 05:57:20.074228+00	
00000000-0000-0000-0000-000000000000	4802d38a-a9b6-4b2a-b9e0-c5749a13b610	{"action":"token_refreshed","actor_id":"729a1c4f-d73d-4ca5-b834-c6789c5aca7e","actor_username":"aka@gmail.com","actor_via_sso":false,"log_type":"token"}	2024-12-23 07:24:24.597377+00	
00000000-0000-0000-0000-000000000000	8ec87e03-d3ff-4caf-b3cb-eb3ae57a9101	{"action":"token_revoked","actor_id":"729a1c4f-d73d-4ca5-b834-c6789c5aca7e","actor_username":"aka@gmail.com","actor_via_sso":false,"log_type":"token"}	2024-12-23 07:24:24.600112+00	
00000000-0000-0000-0000-000000000000	4157614f-1612-4dfb-982c-3bb453fd2947	{"action":"logout","actor_id":"729a1c4f-d73d-4ca5-b834-c6789c5aca7e","actor_username":"aka@gmail.com","actor_via_sso":false,"log_type":"account"}	2024-12-23 08:21:15.404837+00	
00000000-0000-0000-0000-000000000000	d541128c-6437-42d1-9b43-096f7cbe7e0f	{"action":"login","actor_id":"94253385-8849-41ef-b42b-2c0a277a93c2","actor_username":"prp@gmail.com","actor_via_sso":false,"log_type":"account","traits":{"provider":"email"}}	2024-12-23 08:21:46.784123+00	
00000000-0000-0000-0000-000000000000	bb6d1aad-9ccc-4f42-9f72-a43d4f828cad	{"action":"token_refreshed","actor_id":"94253385-8849-41ef-b42b-2c0a277a93c2","actor_username":"prp@gmail.com","actor_via_sso":false,"log_type":"token"}	2024-12-23 09:48:49.526744+00	
00000000-0000-0000-0000-000000000000	7a5a99c4-affd-46bf-9765-56f519ca7bd2	{"action":"token_revoked","actor_id":"94253385-8849-41ef-b42b-2c0a277a93c2","actor_username":"prp@gmail.com","actor_via_sso":false,"log_type":"token"}	2024-12-23 09:48:49.529565+00	
00000000-0000-0000-0000-000000000000	875b85b9-1d4f-424e-973d-20371de1747e	{"action":"logout","actor_id":"94253385-8849-41ef-b42b-2c0a277a93c2","actor_username":"prp@gmail.com","actor_via_sso":false,"log_type":"account"}	2024-12-23 10:31:15.933448+00	
00000000-0000-0000-0000-000000000000	1ec0fce8-4956-4cff-b02a-abf9d63a652e	{"action":"login","actor_id":"729a1c4f-d73d-4ca5-b834-c6789c5aca7e","actor_username":"aka@gmail.com","actor_via_sso":false,"log_type":"account","traits":{"provider":"email"}}	2024-12-23 10:31:47.384518+00	
00000000-0000-0000-0000-000000000000	1232c6c2-498d-4425-8a56-c91db6b9398a	{"action":"token_refreshed","actor_id":"729a1c4f-d73d-4ca5-b834-c6789c5aca7e","actor_username":"aka@gmail.com","actor_via_sso":false,"log_type":"token"}	2024-12-23 11:31:16.180817+00	
00000000-0000-0000-0000-000000000000	78ce2e5c-7617-45cd-a1fa-c3824cf5d26b	{"action":"token_revoked","actor_id":"729a1c4f-d73d-4ca5-b834-c6789c5aca7e","actor_username":"aka@gmail.com","actor_via_sso":false,"log_type":"token"}	2024-12-23 11:31:16.182998+00	
00000000-0000-0000-0000-000000000000	e1ad2c33-e137-4641-936e-72090cf58eb6	{"action":"token_refreshed","actor_id":"729a1c4f-d73d-4ca5-b834-c6789c5aca7e","actor_username":"aka@gmail.com","actor_via_sso":false,"log_type":"token"}	2024-12-23 12:51:21.498016+00	
00000000-0000-0000-0000-000000000000	18baff4c-d8d5-484f-8d6e-518ca8e7a03f	{"action":"token_revoked","actor_id":"729a1c4f-d73d-4ca5-b834-c6789c5aca7e","actor_username":"aka@gmail.com","actor_via_sso":false,"log_type":"token"}	2024-12-23 12:51:21.501527+00	
00000000-0000-0000-0000-000000000000	383208b8-e686-47a6-9704-fb6ece5a0e78	{"action":"token_refreshed","actor_id":"729a1c4f-d73d-4ca5-b834-c6789c5aca7e","actor_username":"aka@gmail.com","actor_via_sso":false,"log_type":"token"}	2024-12-23 13:55:10.914422+00	
00000000-0000-0000-0000-000000000000	f7ccd376-0301-4c3f-b602-6285254d1d38	{"action":"token_revoked","actor_id":"729a1c4f-d73d-4ca5-b834-c6789c5aca7e","actor_username":"aka@gmail.com","actor_via_sso":false,"log_type":"token"}	2024-12-23 13:55:10.917808+00	
00000000-0000-0000-0000-000000000000	1a2b610b-c6ee-45d8-8da5-0adfddfa3d0a	{"action":"token_refreshed","actor_id":"729a1c4f-d73d-4ca5-b834-c6789c5aca7e","actor_username":"aka@gmail.com","actor_via_sso":false,"log_type":"token"}	2024-12-26 07:43:16.184702+00	
00000000-0000-0000-0000-000000000000	7f820b9c-23b5-4c14-9dc2-39bf3d8431f2	{"action":"token_revoked","actor_id":"729a1c4f-d73d-4ca5-b834-c6789c5aca7e","actor_username":"aka@gmail.com","actor_via_sso":false,"log_type":"token"}	2024-12-26 07:43:16.202945+00	
00000000-0000-0000-0000-000000000000	e863106d-fe85-4316-a94d-611a4eff3661	{"action":"logout","actor_id":"729a1c4f-d73d-4ca5-b834-c6789c5aca7e","actor_username":"aka@gmail.com","actor_via_sso":false,"log_type":"account"}	2024-12-26 07:47:26.214608+00	
00000000-0000-0000-0000-000000000000	da829ea0-4fd3-40b6-a6bf-0657e14f4a19	{"action":"login","actor_id":"729a1c4f-d73d-4ca5-b834-c6789c5aca7e","actor_username":"aka@gmail.com","actor_via_sso":false,"log_type":"account","traits":{"provider":"email"}}	2024-12-26 07:49:17.094631+00	
\.


--
-- Data for Name: flow_state; Type: TABLE DATA; Schema: auth; Owner: supabase_auth_admin
--

COPY auth.flow_state (id, user_id, auth_code, code_challenge_method, code_challenge, provider_type, provider_access_token, provider_refresh_token, created_at, updated_at, authentication_method, auth_code_issued_at) FROM stdin;
1eaecc78-4283-4ac1-a8c3-e3bd6a464937	75ed4357-ef62-4d63-9478-ab8384ff008e	6f271d87-124e-4e57-b132-9752f47d12c8	s256	JTPT5sIUTq3sFQVhz9qiheT-ZT_BPK5rr-kM-wH1Hb8	email			2024-12-11 08:05:26.94599+00	2024-12-11 08:05:26.94599+00	email/signup	\N
eb6e50b8-6db3-46d6-845a-aaac33c3359a	99928a50-77fb-4084-9b8e-3ef89fac45f2	f0099862-64f1-44a3-8cc0-baf11d70a7e5	s256	wlemxUqIO8YMea04-GCby7g8RIUoELkoU6N8X9kfgmU	email			2024-12-11 09:16:41.45908+00	2024-12-11 09:16:41.45908+00	email/signup	\N
a17ea8b5-b4f8-4d21-8c99-139a7fa1c8d8	99928a50-77fb-4084-9b8e-3ef89fac45f2	99d42275-771b-4f8f-8ae9-72b3813c0639	s256	5ZcbI168N05IPFUC8lo7yZBNwaYIFGyoBNs1kwrU3v0	email			2024-12-11 09:38:24.591303+00	2024-12-11 09:38:24.591303+00	email/signup	\N
f36fbbac-fea4-4835-9675-67cc40ae2af9	99928a50-77fb-4084-9b8e-3ef89fac45f2	cd2d34e5-1a04-4924-8333-ddd2752041d3	s256	dWRabmzgKEpKoFWzlsSqYcsbZ4gNG5QC9ZE-DkKq68E	email			2024-12-11 09:38:24.935051+00	2024-12-11 09:38:24.935051+00	email/signup	\N
89ff564b-80cb-4b8f-a884-5055a2925dfe	99928a50-77fb-4084-9b8e-3ef89fac45f2	57553be2-3ac6-4ff3-9a42-0d2008c51127	s256	VmZVKhg4Rujtda9QmzrUhisGZs_gwpYFUWdmHjOxL3E	email			2024-12-11 09:38:25.295951+00	2024-12-11 09:38:25.295951+00	email/signup	\N
023b2694-813b-4cd2-9309-7139cf2f9678	03622b21-0726-4f4a-b12e-9259d96ee7b3	38d616ee-5b4b-4dbe-83c9-f1ae6b37a694	s256	boaKo0CoMxjOtutr8-rY0fIpBV5QO2XcirNxv0tK-cw	email			2024-12-11 09:51:29.68664+00	2024-12-11 09:51:29.68664+00	email/signup	\N
\.


--
-- Data for Name: identities; Type: TABLE DATA; Schema: auth; Owner: supabase_auth_admin
--

COPY auth.identities (provider_id, user_id, identity_data, provider, last_sign_in_at, created_at, updated_at, id) FROM stdin;
03622b21-0726-4f4a-b12e-9259d96ee7b3	03622b21-0726-4f4a-b12e-9259d96ee7b3	{"sub": "03622b21-0726-4f4a-b12e-9259d96ee7b3", "name": "prp", "email": "prpcenayt@icloud.com", "email_verified": false, "phone_verified": false}	email	2024-12-11 09:51:29.683069+00	2024-12-11 09:51:29.683115+00	2024-12-11 09:51:29.683115+00	50119bad-6d87-403f-b552-710689ba0e1d
c1762b36-5050-4971-9e08-087492cdd3a7	c1762b36-5050-4971-9e08-087492cdd3a7	{"sub": "c1762b36-5050-4971-9e08-087492cdd3a7", "name": "prp", "email": "prpcenayt@gmail.com", "email_verified": false, "phone_verified": false}	email	2024-12-11 12:55:01.819019+00	2024-12-11 12:55:01.819088+00	2024-12-11 12:55:01.819088+00	0885a4c4-23cd-4577-a6b2-ab56c7ea6bd4
94253385-8849-41ef-b42b-2c0a277a93c2	94253385-8849-41ef-b42b-2c0a277a93c2	{"sub": "94253385-8849-41ef-b42b-2c0a277a93c2", "name": "prp", "email": "prp@gmail.com", "email_verified": false, "phone_verified": false}	email	2024-12-22 11:02:45.653829+00	2024-12-22 11:02:45.653886+00	2024-12-22 11:02:45.653886+00	386151ac-0ca3-4143-a631-c7cf217f4048
729a1c4f-d73d-4ca5-b834-c6789c5aca7e	729a1c4f-d73d-4ca5-b834-c6789c5aca7e	{"sub": "729a1c4f-d73d-4ca5-b834-c6789c5aca7e", "name": "aka", "email": "aka@gmail.com", "email_verified": false, "phone_verified": false}	email	2024-12-22 11:28:44.550823+00	2024-12-22 11:28:44.550874+00	2024-12-22 11:28:44.550874+00	00b1de0a-6a01-46ee-baf6-c726ff51a64e
\.


--
-- Data for Name: instances; Type: TABLE DATA; Schema: auth; Owner: supabase_auth_admin
--

COPY auth.instances (id, uuid, raw_base_config, created_at, updated_at) FROM stdin;
\.


--
-- Data for Name: mfa_amr_claims; Type: TABLE DATA; Schema: auth; Owner: supabase_auth_admin
--

COPY auth.mfa_amr_claims (session_id, created_at, updated_at, authentication_method, id) FROM stdin;
dd306cfd-efe5-4446-8312-5be5da7d328d	2024-12-11 12:55:01.83742+00	2024-12-11 12:55:01.83742+00	password	54335818-5c60-442a-a558-5b9b38e93bc9
984c9f1b-5643-4031-84e4-2639b16e5678	2024-12-20 00:53:12.848693+00	2024-12-20 00:53:12.848693+00	password	61fbe826-c6fd-4c8b-8e7a-60f83690a1b4
d784a5b7-d9c1-42a2-bf5b-c37a0d40246f	2024-12-26 07:49:17.107725+00	2024-12-26 07:49:17.107725+00	password	d7263acf-defa-4529-a6c3-cfdc9043e445
\.


--
-- Data for Name: mfa_challenges; Type: TABLE DATA; Schema: auth; Owner: supabase_auth_admin
--

COPY auth.mfa_challenges (id, factor_id, created_at, verified_at, ip_address, otp_code, web_authn_session_data) FROM stdin;
\.


--
-- Data for Name: mfa_factors; Type: TABLE DATA; Schema: auth; Owner: supabase_auth_admin
--

COPY auth.mfa_factors (id, user_id, friendly_name, factor_type, status, created_at, updated_at, secret, phone, last_challenged_at, web_authn_credential, web_authn_aaguid) FROM stdin;
\.


--
-- Data for Name: one_time_tokens; Type: TABLE DATA; Schema: auth; Owner: supabase_auth_admin
--

COPY auth.one_time_tokens (id, user_id, token_type, token_hash, relates_to, created_at, updated_at) FROM stdin;
\.


--
-- Data for Name: refresh_tokens; Type: TABLE DATA; Schema: auth; Owner: supabase_auth_admin
--

COPY auth.refresh_tokens (instance_id, id, token, user_id, revoked, created_at, updated_at, parent, session_id) FROM stdin;
00000000-0000-0000-0000-000000000000	1	DUUMksXnol9kQoy89PVk2w	c1762b36-5050-4971-9e08-087492cdd3a7	t	2024-12-11 12:55:01.829311+00	2024-12-11 14:01:46.23371+00	\N	dd306cfd-efe5-4446-8312-5be5da7d328d
00000000-0000-0000-0000-000000000000	2	KYVoCgNK-dLNF8GeTc7ArA	c1762b36-5050-4971-9e08-087492cdd3a7	f	2024-12-11 14:01:46.234977+00	2024-12-11 14:01:46.234977+00	DUUMksXnol9kQoy89PVk2w	dd306cfd-efe5-4446-8312-5be5da7d328d
00000000-0000-0000-0000-000000000000	3	Z-0zglPbQeY9U-LwYSqeow	03622b21-0726-4f4a-b12e-9259d96ee7b3	f	2024-12-20 00:53:12.845227+00	2024-12-20 00:53:12.845227+00	\N	984c9f1b-5643-4031-84e4-2639b16e5678
00000000-0000-0000-0000-000000000000	89	zI7QdsiqVmiKJe7mhXsM7Q	729a1c4f-d73d-4ca5-b834-c6789c5aca7e	f	2024-12-26 07:49:17.105635+00	2024-12-26 07:49:17.105635+00	\N	d784a5b7-d9c1-42a2-bf5b-c37a0d40246f
\.


--
-- Data for Name: saml_providers; Type: TABLE DATA; Schema: auth; Owner: supabase_auth_admin
--

COPY auth.saml_providers (id, sso_provider_id, entity_id, metadata_xml, metadata_url, attribute_mapping, created_at, updated_at, name_id_format) FROM stdin;
\.


--
-- Data for Name: saml_relay_states; Type: TABLE DATA; Schema: auth; Owner: supabase_auth_admin
--

COPY auth.saml_relay_states (id, sso_provider_id, request_id, for_email, redirect_to, created_at, updated_at, flow_state_id) FROM stdin;
\.


--
-- Data for Name: schema_migrations; Type: TABLE DATA; Schema: auth; Owner: supabase_auth_admin
--

COPY auth.schema_migrations (version) FROM stdin;
20171026211738
20171026211808
20171026211834
20180103212743
20180108183307
20180119214651
20180125194653
00
20210710035447
20210722035447
20210730183235
20210909172000
20210927181326
20211122151130
20211124214934
20211202183645
20220114185221
20220114185340
20220224000811
20220323170000
20220429102000
20220531120530
20220614074223
20220811173540
20221003041349
20221003041400
20221011041400
20221020193600
20221021073300
20221021082433
20221027105023
20221114143122
20221114143410
20221125140132
20221208132122
20221215195500
20221215195800
20221215195900
20230116124310
20230116124412
20230131181311
20230322519590
20230402418590
20230411005111
20230508135423
20230523124323
20230818113222
20230914180801
20231027141322
20231114161723
20231117164230
20240115144230
20240214120130
20240306115329
20240314092811
20240427152123
20240612123726
20240729123726
20240802193726
20240806073726
20241009103726
\.


--
-- Data for Name: sessions; Type: TABLE DATA; Schema: auth; Owner: supabase_auth_admin
--

COPY auth.sessions (id, user_id, created_at, updated_at, factor_id, aal, not_after, refreshed_at, user_agent, ip, tag) FROM stdin;
dd306cfd-efe5-4446-8312-5be5da7d328d	c1762b36-5050-4971-9e08-087492cdd3a7	2024-12-11 12:55:01.826961+00	2024-12-20 00:51:51.022204+00	\N	aal1	\N	2024-12-20 00:51:51.022123	Dart/3.5 (dart:io)	103.238.107.11	\N
984c9f1b-5643-4031-84e4-2639b16e5678	03622b21-0726-4f4a-b12e-9259d96ee7b3	2024-12-20 00:53:12.841964+00	2024-12-20 00:53:12.841964+00	\N	aal1	\N	\N	Dart/3.5 (dart:io)	103.238.107.11	\N
d784a5b7-d9c1-42a2-bf5b-c37a0d40246f	729a1c4f-d73d-4ca5-b834-c6789c5aca7e	2024-12-26 07:49:17.098266+00	2024-12-26 07:49:17.098266+00	\N	aal1	\N	\N	Dart/3.5 (dart:io)	103.81.94.224	\N
\.


--
-- Data for Name: sso_domains; Type: TABLE DATA; Schema: auth; Owner: supabase_auth_admin
--

COPY auth.sso_domains (id, sso_provider_id, domain, created_at, updated_at) FROM stdin;
\.


--
-- Data for Name: sso_providers; Type: TABLE DATA; Schema: auth; Owner: supabase_auth_admin
--

COPY auth.sso_providers (id, resource_id, created_at, updated_at) FROM stdin;
\.


--
-- Data for Name: users; Type: TABLE DATA; Schema: auth; Owner: supabase_auth_admin
--

COPY auth.users (instance_id, id, aud, role, email, encrypted_password, email_confirmed_at, invited_at, confirmation_token, confirmation_sent_at, recovery_token, recovery_sent_at, email_change_token_new, email_change, email_change_sent_at, last_sign_in_at, raw_app_meta_data, raw_user_meta_data, is_super_admin, created_at, updated_at, phone, phone_confirmed_at, phone_change, phone_change_token, phone_change_sent_at, email_change_token_current, email_change_confirm_status, banned_until, reauthentication_token, reauthentication_sent_at, is_sso_user, deleted_at, is_anonymous) FROM stdin;
00000000-0000-0000-0000-000000000000	c1762b36-5050-4971-9e08-087492cdd3a7	authenticated	authenticated	prpcenayt@gmail.com	$2a$10$d2xmWnPSmdkb3JjtWBBESe9N7hJRDH4DkRWYM6nk006SI94qYYN3u	2024-12-11 12:55:01.823365+00	\N		\N		\N			\N	2024-12-11 12:55:01.826889+00	{"provider": "email", "providers": ["email"]}	{"sub": "c1762b36-5050-4971-9e08-087492cdd3a7", "name": "prp", "email": "prpcenayt@gmail.com", "email_verified": false, "phone_verified": false}	\N	2024-12-11 12:55:01.805941+00	2024-12-11 14:01:46.236077+00	\N	\N			\N		0	\N		\N	f	\N	f
00000000-0000-0000-0000-000000000000	729a1c4f-d73d-4ca5-b834-c6789c5aca7e	authenticated	authenticated	aka@gmail.com	$2a$10$O5UdoQZrdkTev6C9YqK30.tsiH0n7qKma6akOD9hBCPqqrpDTUqg.	2024-12-22 11:28:44.55392+00	\N		\N		\N			\N	2024-12-26 07:49:17.098173+00	{"provider": "email", "providers": ["email"]}	{"sub": "729a1c4f-d73d-4ca5-b834-c6789c5aca7e", "name": "aka", "email": "aka@gmail.com", "email_verified": false, "phone_verified": false}	\N	2024-12-22 11:28:44.547419+00	2024-12-26 07:49:17.107104+00	\N	\N			\N		0	\N		\N	f	\N	f
00000000-0000-0000-0000-000000000000	03622b21-0726-4f4a-b12e-9259d96ee7b3	authenticated	authenticated	prpcenayt@icloud.com	$2a$10$QefhZ.m.WXH0EzjMIOq0KenlN59yyJAzvaK4vi.D5vPy7w1RWffaK	2024-12-20 00:53:12.823047+00	\N		2024-12-11 09:51:29.689127+00		\N			\N	2024-12-22 11:19:10.568163+00	{"provider": "email", "providers": ["email"]}	{"sub": "03622b21-0726-4f4a-b12e-9259d96ee7b3", "name": "prp", "email": "prpcenayt@icloud.com", "email_verified": false, "phone_verified": false}	\N	2024-12-11 09:51:29.675992+00	2024-12-22 11:19:10.570606+00	\N	\N			\N		0	\N		\N	f	\N	f
00000000-0000-0000-0000-000000000000	94253385-8849-41ef-b42b-2c0a277a93c2	authenticated	authenticated	prp@gmail.com	$2a$10$nzLcwXrADwh.WsFl0hmeMujNRThROQMZA16jyNdZfGW5v/nnIURTm	2024-12-22 11:02:45.661441+00	\N		\N		\N			\N	2024-12-23 08:21:46.784856+00	{"provider": "email", "providers": ["email"]}	{"sub": "94253385-8849-41ef-b42b-2c0a277a93c2", "name": "prp", "email": "prp@gmail.com", "email_verified": false, "phone_verified": false}	\N	2024-12-22 11:02:45.642557+00	2024-12-23 09:48:49.536125+00	\N	\N			\N		0	\N		\N	f	\N	f
\.


--
-- Data for Name: key; Type: TABLE DATA; Schema: pgsodium; Owner: supabase_admin
--

COPY pgsodium.key (id, status, created, expires, key_type, key_id, key_context, name, associated_data, raw_key, raw_key_nonce, parent_key, comment, user_data) FROM stdin;
\.


--
-- Data for Name: blogs; Type: TABLE DATA; Schema: public; Owner: postgres
--

COPY public.blogs (id, updated_at, poster_id, title, content, image_url, topic) FROM stdin;
61bcddf0-c057-11ef-be9b-f382993b5e7d	2024-12-22 16:55:00.624414+00	94253385-8849-41ef-b42b-2c0a277a93c2	The Rise of Artificial Intelligence in Everyday Life	Artificial Intelligence (AI) has moved from science fiction into everyday reality. From virtual assistants like Siri and Alexa to personalized recommendations on Netflix, AI is enhancing our daily lives. In this blog, we explore how AI is revolutionizing industries such as healthcare, education, and retail, and what the future holds for this cutting-edge technology.	https://pybfozmoikwuzzlzkbtw.supabase.co/storage/v1/object/public/blog_images/61bcddf0-c057-11ef-be9b-f382993b5e7d	{Business,Programming,Entertainment,Technology}
0f82f370-c058-11ef-be9b-f382993b5e7d	2024-12-22 16:59:52.167102+00	729a1c4f-d73d-4ca5-b834-c6789c5aca7e	10 Strategies for Building a Resilient Business in 2024	In today's fast-changing economy, resilience is key to long-term success. This article discusses strategies such as diversifying income streams, leveraging digital tools, and fostering a culture of adaptability within your team. Learn how businesses are thriving despite economic uncertainties and positioning themselves for growth in the coming years.	https://pybfozmoikwuzzlzkbtw.supabase.co/storage/v1/object/public/blog_images/0f82f370-c058-11ef-be9b-f382993b5e7d	{Business}
1da878d0-c058-11ef-be9b-f382993b5e7d	2024-12-22 17:00:15.901835+00	729a1c4f-d73d-4ca5-b834-c6789c5aca7e	op 5 Programming Frameworks to Watch in 2024	Frameworks are the backbone of modern programming, and staying updated with the latest trends is crucial. This blog highlights frameworks like Flutter for mobile development, Next.js for web applications, and TensorFlow for machine learning. Dive into the features, pros, and use cases of these frameworks and why they are gaining popularity among developers.	https://pybfozmoikwuzzlzkbtw.supabase.co/storage/v1/object/public/blog_images/1da878d0-c058-11ef-be9b-f382993b5e7d	{Programming}
2f417a10-c058-11ef-be9b-f382993b5e7d	2024-12-22 17:00:45.42583+00	729a1c4f-d73d-4ca5-b834-c6789c5aca7e	The Biggest Box Office Hits of 2024	From groundbreaking superhero movies to inspiring documentaries, 2024 has been a phenomenal year for entertainment. In this article, we break down the top 10 box office hits, exploring what made them stand out. Discover how these films have resonated with audiences and set new standards in the world of cinema.	https://pybfozmoikwuzzlzkbtw.supabase.co/storage/v1/object/public/blog_images/2f417a10-c058-11ef-be9b-f382993b5e7d	{Entertainment}
93d4daf0-c35d-11ef-9cae-6340841236af	2024-12-26 13:16:55.135465+00	729a1c4f-d73d-4ca5-b834-c6789c5aca7e	Loren ipsum	abc	https://pybfozmoikwuzzlzkbtw.supabase.co/storage/v1/object/public/blog_images/93d4daf0-c35d-11ef-9cae-6340841236af	{Technology}
\.


--
-- Data for Name: profiles; Type: TABLE DATA; Schema: public; Owner: postgres
--

COPY public.profiles (id, updated_at, name) FROM stdin;
03622b21-0726-4f4a-b12e-9259d96ee7b3	\N	prp
c1762b36-5050-4971-9e08-087492cdd3a7	\N	prp
94253385-8849-41ef-b42b-2c0a277a93c2	\N	prp
729a1c4f-d73d-4ca5-b834-c6789c5aca7e	\N	aka
\.


--
-- Data for Name: schema_migrations; Type: TABLE DATA; Schema: realtime; Owner: supabase_admin
--

COPY realtime.schema_migrations (version, inserted_at) FROM stdin;
20211116024918	2024-12-10 10:56:31
20211116045059	2024-12-10 10:56:31
20211116050929	2024-12-10 10:56:31
20211116051442	2024-12-10 10:56:31
20211116212300	2024-12-10 10:56:31
20211116213355	2024-12-10 10:56:31
20211116213934	2024-12-10 10:56:31
20211116214523	2024-12-10 10:56:31
20211122062447	2024-12-10 10:56:31
20211124070109	2024-12-10 10:56:31
20211202204204	2024-12-10 10:56:31
20211202204605	2024-12-10 10:56:31
20211210212804	2024-12-10 10:56:32
20211228014915	2024-12-10 10:56:32
20220107221237	2024-12-10 10:56:32
20220228202821	2024-12-10 10:56:32
20220312004840	2024-12-10 10:56:32
20220603231003	2024-12-10 10:56:32
20220603232444	2024-12-10 10:56:32
20220615214548	2024-12-10 10:56:32
20220712093339	2024-12-10 10:56:32
20220908172859	2024-12-10 10:56:32
20220916233421	2024-12-10 10:56:32
20230119133233	2024-12-10 10:56:32
20230128025114	2024-12-10 10:56:32
20230128025212	2024-12-10 10:56:32
20230227211149	2024-12-10 10:56:32
20230228184745	2024-12-10 10:56:32
20230308225145	2024-12-10 10:56:32
20230328144023	2024-12-10 10:56:32
20231018144023	2024-12-10 10:56:32
20231204144023	2024-12-10 10:56:32
20231204144024	2024-12-10 10:56:32
20231204144025	2024-12-10 10:56:32
20240108234812	2024-12-10 10:56:32
20240109165339	2024-12-10 10:56:32
20240227174441	2024-12-10 10:56:32
20240311171622	2024-12-10 10:56:32
20240321100241	2024-12-10 10:56:32
20240401105812	2024-12-10 10:56:32
20240418121054	2024-12-10 10:56:32
20240523004032	2024-12-10 10:56:32
20240618124746	2024-12-10 10:56:32
20240801235015	2024-12-10 10:56:32
20240805133720	2024-12-10 10:56:32
20240827160934	2024-12-10 10:56:32
20240919163303	2024-12-10 10:56:32
20240919163305	2024-12-10 10:56:32
20241019105805	2024-12-10 10:56:32
20241030150047	2024-12-10 10:56:32
20241108114728	2024-12-10 10:56:32
20241121104152	2024-12-10 10:56:32
20241130184212	2024-12-10 10:56:32
\.


--
-- Data for Name: subscription; Type: TABLE DATA; Schema: realtime; Owner: supabase_admin
--

COPY realtime.subscription (id, subscription_id, entity, filters, claims, created_at) FROM stdin;
\.


--
-- Data for Name: buckets; Type: TABLE DATA; Schema: storage; Owner: supabase_storage_admin
--

COPY storage.buckets (id, name, owner, created_at, updated_at, public, avif_autodetection, file_size_limit, allowed_mime_types, owner_id) FROM stdin;
blog_images	blog_images	\N	2024-12-20 13:37:59.433026+00	2024-12-20 13:37:59.433026+00	t	f	\N	\N	\N
\.


--
-- Data for Name: migrations; Type: TABLE DATA; Schema: storage; Owner: supabase_storage_admin
--

COPY storage.migrations (id, name, hash, executed_at) FROM stdin;
0	create-migrations-table	e18db593bcde2aca2a408c4d1100f6abba2195df	2024-12-10 10:56:32.066094
1	initialmigration	6ab16121fbaa08bbd11b712d05f358f9b555d777	2024-12-10 10:56:32.120091
2	storage-schema	5c7968fd083fcea04050c1b7f6253c9771b99011	2024-12-10 10:56:32.168095
3	pathtoken-column	2cb1b0004b817b29d5b0a971af16bafeede4b70d	2024-12-10 10:56:32.232383
4	add-migrations-rls	427c5b63fe1c5937495d9c635c263ee7a5905058	2024-12-10 10:56:32.260259
5	add-size-functions	79e081a1455b63666c1294a440f8ad4b1e6a7f84	2024-12-10 10:56:32.314396
6	change-column-name-in-get-size	f93f62afdf6613ee5e7e815b30d02dc990201044	2024-12-10 10:56:32.364552
7	add-rls-to-buckets	e7e7f86adbc51049f341dfe8d30256c1abca17aa	2024-12-10 10:56:32.375382
8	add-public-to-buckets	fd670db39ed65f9d08b01db09d6202503ca2bab3	2024-12-10 10:56:32.425498
9	fix-search-function	3a0af29f42e35a4d101c259ed955b67e1bee6825	2024-12-10 10:56:32.481488
10	search-files-search-function	68dc14822daad0ffac3746a502234f486182ef6e	2024-12-10 10:56:32.490621
11	add-trigger-to-auto-update-updated_at-column	7425bdb14366d1739fa8a18c83100636d74dcaa2	2024-12-10 10:56:32.540334
12	add-automatic-avif-detection-flag	8e92e1266eb29518b6a4c5313ab8f29dd0d08df9	2024-12-10 10:56:32.548598
13	add-bucket-custom-limits	cce962054138135cd9a8c4bcd531598684b25e7d	2024-12-10 10:56:32.604852
14	use-bytes-for-max-size	941c41b346f9802b411f06f30e972ad4744dad27	2024-12-10 10:56:32.661481
15	add-can-insert-object-function	934146bc38ead475f4ef4b555c524ee5d66799e5	2024-12-10 10:56:32.737362
16	add-version	76debf38d3fd07dcfc747ca49096457d95b1221b	2024-12-10 10:56:32.79993
17	drop-owner-foreign-key	f1cbb288f1b7a4c1eb8c38504b80ae2a0153d101	2024-12-10 10:56:32.854143
18	add_owner_id_column_deprecate_owner	e7a511b379110b08e2f214be852c35414749fe66	2024-12-10 10:56:32.907921
19	alter-default-value-objects-id	02e5e22a78626187e00d173dc45f58fa66a4f043	2024-12-10 10:56:32.962657
20	list-objects-with-delimiter	cd694ae708e51ba82bf012bba00caf4f3b6393b7	2024-12-10 10:56:33.013164
21	s3-multipart-uploads	8c804d4a566c40cd1e4cc5b3725a664a9303657f	2024-12-10 10:56:33.073573
22	s3-multipart-uploads-big-ints	9737dc258d2397953c9953d9b86920b8be0cdb73	2024-12-10 10:56:33.163252
23	optimize-search-function	9d7e604cddc4b56a5422dc68c9313f4a1b6f132c	2024-12-10 10:56:33.295414
24	operation-function	8312e37c2bf9e76bbe841aa5fda889206d2bf8aa	2024-12-10 10:56:33.386718
25	custom-metadata	67eb93b7e8d401cafcdc97f9ac779e71a79bfe03	2024-12-10 10:56:33.457658
\.


--
-- Data for Name: objects; Type: TABLE DATA; Schema: storage; Owner: supabase_storage_admin
--

COPY storage.objects (id, bucket_id, name, owner, created_at, updated_at, last_accessed_at, metadata, version, owner_id, user_metadata) FROM stdin;
cb18cb5c-c816-4f5b-943b-2f4bf520ed71	blog_images	.emptyFolderPlaceholder	\N	2024-12-21 05:50:01.867691+00	2024-12-21 05:50:01.867691+00	2024-12-21 05:50:01.867691+00	{"eTag": "\\"d41d8cd98f00b204e9800998ecf8427e\\"", "size": 0, "mimetype": "application/octet-stream", "cacheControl": "max-age=3600", "lastModified": "2024-12-21T05:50:02.000Z", "contentLength": 0, "httpStatusCode": 200}	dea60dc7-bb05-4b2f-a87d-4ed07336de3d	\N	{}
8afbaf15-fa61-40b8-903f-5c64a7de59f3	blog_images	e97b7160-bf68-11ef-b2f8-bbeceb6ef91e	03622b21-0726-4f4a-b12e-9259d96ee7b3	2024-12-21 06:58:00.450958+00	2024-12-21 06:58:00.450958+00	2024-12-21 06:58:00.450958+00	{"eTag": "\\"e19b5af2a770aeeaf7992836dd0e6d24\\"", "size": 1483806, "mimetype": "image/jpeg", "cacheControl": "max-age=3600", "lastModified": "2024-12-21T06:58:01.000Z", "contentLength": 1483806, "httpStatusCode": 200}	04c83bc7-99ce-454b-8d95-076830fd86aa	03622b21-0726-4f4a-b12e-9259d96ee7b3	{}
2218fc8e-46a5-4783-955f-c72010a338e6	blog_images	671a3740-bf8d-11ef-816f-cd3b04c4d6f5	03622b21-0726-4f4a-b12e-9259d96ee7b3	2024-12-21 11:19:13.228629+00	2024-12-21 11:19:13.228629+00	2024-12-21 11:19:13.228629+00	{"eTag": "\\"cfc68cd33c105e9c6a07c4e5c5c53bee\\"", "size": 1857368, "mimetype": "image/jpeg", "cacheControl": "max-age=3600", "lastModified": "2024-12-21T11:19:13.000Z", "contentLength": 1857368, "httpStatusCode": 200}	47cb9d6e-15cd-44f9-bb11-a1ae6578c361	03622b21-0726-4f4a-b12e-9259d96ee7b3	{}
b69bb163-3164-46f7-ba81-db3c51eb4882	blog_images	61bcddf0-c057-11ef-be9b-f382993b5e7d	94253385-8849-41ef-b42b-2c0a277a93c2	2024-12-22 11:25:02.960774+00	2024-12-22 11:25:02.960774+00	2024-12-22 11:25:02.960774+00	{"eTag": "\\"9a8579a935b361d2a61d6acbd4f5f274\\"", "size": 2563958, "mimetype": "image/jpeg", "cacheControl": "max-age=3600", "lastModified": "2024-12-22T11:25:03.000Z", "contentLength": 2563958, "httpStatusCode": 200}	5d20d219-2ab7-4030-a1a3-3c739ede433b	94253385-8849-41ef-b42b-2c0a277a93c2	{}
51c12f2c-91d0-4a79-b893-6da5f236250c	blog_images	0f82f370-c058-11ef-be9b-f382993b5e7d	729a1c4f-d73d-4ca5-b834-c6789c5aca7e	2024-12-22 11:29:54.191837+00	2024-12-22 11:29:54.191837+00	2024-12-22 11:29:54.191837+00	{"eTag": "\\"cfc68cd33c105e9c6a07c4e5c5c53bee\\"", "size": 1857368, "mimetype": "image/jpeg", "cacheControl": "max-age=3600", "lastModified": "2024-12-22T11:29:54.000Z", "contentLength": 1857368, "httpStatusCode": 200}	498e7c04-a9fb-489b-906f-c403ce648355	729a1c4f-d73d-4ca5-b834-c6789c5aca7e	{}
cb16ba06-c837-42ea-951d-c5d49f5e8f11	blog_images	1da878d0-c058-11ef-be9b-f382993b5e7d	729a1c4f-d73d-4ca5-b834-c6789c5aca7e	2024-12-22 11:30:17.730969+00	2024-12-22 11:30:17.730969+00	2024-12-22 11:30:17.730969+00	{"eTag": "\\"9639bf2d33857e9c636292defca140f6\\"", "size": 1930990, "mimetype": "image/jpeg", "cacheControl": "max-age=3600", "lastModified": "2024-12-22T11:30:18.000Z", "contentLength": 1930990, "httpStatusCode": 200}	e5c11c13-4d87-4903-a898-da656ccac0c4	729a1c4f-d73d-4ca5-b834-c6789c5aca7e	{}
ab3f46ef-2392-4e30-ae4c-b61d4408ce7d	blog_images	2f417a10-c058-11ef-be9b-f382993b5e7d	729a1c4f-d73d-4ca5-b834-c6789c5aca7e	2024-12-22 11:30:46.961247+00	2024-12-22 11:30:46.961247+00	2024-12-22 11:30:46.961247+00	{"eTag": "\\"9639bf2d33857e9c636292defca140f6\\"", "size": 1930990, "mimetype": "image/jpeg", "cacheControl": "max-age=3600", "lastModified": "2024-12-22T11:30:47.000Z", "contentLength": 1930990, "httpStatusCode": 200}	09221df9-d440-4d9f-aff4-7b12392391bd	729a1c4f-d73d-4ca5-b834-c6789c5aca7e	{}
0d153b84-e515-434b-a128-7de5e6d0dc8e	blog_images	93d4daf0-c35d-11ef-9cae-6340841236af	729a1c4f-d73d-4ca5-b834-c6789c5aca7e	2024-12-26 07:46:57.699128+00	2024-12-26 07:46:57.699128+00	2024-12-26 07:46:57.699128+00	{"eTag": "\\"29b7fe27c24e2d92f342946b25aa715e\\"", "size": 3936925, "mimetype": "image/jpeg", "cacheControl": "max-age=3600", "lastModified": "2024-12-26T07:46:58.000Z", "contentLength": 3936925, "httpStatusCode": 200}	e2c0e362-b443-4352-be43-de2868e60abe	729a1c4f-d73d-4ca5-b834-c6789c5aca7e	{}
\.


--
-- Data for Name: s3_multipart_uploads; Type: TABLE DATA; Schema: storage; Owner: supabase_storage_admin
--

COPY storage.s3_multipart_uploads (id, in_progress_size, upload_signature, bucket_id, key, version, owner_id, created_at, user_metadata) FROM stdin;
\.


--
-- Data for Name: s3_multipart_uploads_parts; Type: TABLE DATA; Schema: storage; Owner: supabase_storage_admin
--

COPY storage.s3_multipart_uploads_parts (id, upload_id, size, part_number, bucket_id, key, etag, owner_id, version, created_at) FROM stdin;
\.


--
-- Data for Name: secrets; Type: TABLE DATA; Schema: vault; Owner: supabase_admin
--

COPY vault.secrets (id, name, description, secret, key_id, nonce, created_at, updated_at) FROM stdin;
\.


--
-- Name: refresh_tokens_id_seq; Type: SEQUENCE SET; Schema: auth; Owner: supabase_auth_admin
--

SELECT pg_catalog.setval('auth.refresh_tokens_id_seq', 89, true);


--
-- Name: key_key_id_seq; Type: SEQUENCE SET; Schema: pgsodium; Owner: supabase_admin
--

SELECT pg_catalog.setval('pgsodium.key_key_id_seq', 1, false);


--
-- Name: subscription_id_seq; Type: SEQUENCE SET; Schema: realtime; Owner: supabase_admin
--

SELECT pg_catalog.setval('realtime.subscription_id_seq', 1, false);


--
-- Name: mfa_amr_claims amr_id_pk; Type: CONSTRAINT; Schema: auth; Owner: supabase_auth_admin
--

ALTER TABLE ONLY auth.mfa_amr_claims
    ADD CONSTRAINT amr_id_pk PRIMARY KEY (id);


--
-- Name: audit_log_entries audit_log_entries_pkey; Type: CONSTRAINT; Schema: auth; Owner: supabase_auth_admin
--

ALTER TABLE ONLY auth.audit_log_entries
    ADD CONSTRAINT audit_log_entries_pkey PRIMARY KEY (id);


--
-- Name: flow_state flow_state_pkey; Type: CONSTRAINT; Schema: auth; Owner: supabase_auth_admin
--

ALTER TABLE ONLY auth.flow_state
    ADD CONSTRAINT flow_state_pkey PRIMARY KEY (id);


--
-- Name: identities identities_pkey; Type: CONSTRAINT; Schema: auth; Owner: supabase_auth_admin
--

ALTER TABLE ONLY auth.identities
    ADD CONSTRAINT identities_pkey PRIMARY KEY (id);


--
-- Name: identities identities_provider_id_provider_unique; Type: CONSTRAINT; Schema: auth; Owner: supabase_auth_admin
--

ALTER TABLE ONLY auth.identities
    ADD CONSTRAINT identities_provider_id_provider_unique UNIQUE (provider_id, provider);


--
-- Name: instances instances_pkey; Type: CONSTRAINT; Schema: auth; Owner: supabase_auth_admin
--

ALTER TABLE ONLY auth.instances
    ADD CONSTRAINT instances_pkey PRIMARY KEY (id);


--
-- Name: mfa_amr_claims mfa_amr_claims_session_id_authentication_method_pkey; Type: CONSTRAINT; Schema: auth; Owner: supabase_auth_admin
--

ALTER TABLE ONLY auth.mfa_amr_claims
    ADD CONSTRAINT mfa_amr_claims_session_id_authentication_method_pkey UNIQUE (session_id, authentication_method);


--
-- Name: mfa_challenges mfa_challenges_pkey; Type: CONSTRAINT; Schema: auth; Owner: supabase_auth_admin
--

ALTER TABLE ONLY auth.mfa_challenges
    ADD CONSTRAINT mfa_challenges_pkey PRIMARY KEY (id);


--
-- Name: mfa_factors mfa_factors_last_challenged_at_key; Type: CONSTRAINT; Schema: auth; Owner: supabase_auth_admin
--

ALTER TABLE ONLY auth.mfa_factors
    ADD CONSTRAINT mfa_factors_last_challenged_at_key UNIQUE (last_challenged_at);


--
-- Name: mfa_factors mfa_factors_pkey; Type: CONSTRAINT; Schema: auth; Owner: supabase_auth_admin
--

ALTER TABLE ONLY auth.mfa_factors
    ADD CONSTRAINT mfa_factors_pkey PRIMARY KEY (id);


--
-- Name: one_time_tokens one_time_tokens_pkey; Type: CONSTRAINT; Schema: auth; Owner: supabase_auth_admin
--

ALTER TABLE ONLY auth.one_time_tokens
    ADD CONSTRAINT one_time_tokens_pkey PRIMARY KEY (id);


--
-- Name: refresh_tokens refresh_tokens_pkey; Type: CONSTRAINT; Schema: auth; Owner: supabase_auth_admin
--

ALTER TABLE ONLY auth.refresh_tokens
    ADD CONSTRAINT refresh_tokens_pkey PRIMARY KEY (id);


--
-- Name: refresh_tokens refresh_tokens_token_unique; Type: CONSTRAINT; Schema: auth; Owner: supabase_auth_admin
--

ALTER TABLE ONLY auth.refresh_tokens
    ADD CONSTRAINT refresh_tokens_token_unique UNIQUE (token);


--
-- Name: saml_providers saml_providers_entity_id_key; Type: CONSTRAINT; Schema: auth; Owner: supabase_auth_admin
--

ALTER TABLE ONLY auth.saml_providers
    ADD CONSTRAINT saml_providers_entity_id_key UNIQUE (entity_id);


--
-- Name: saml_providers saml_providers_pkey; Type: CONSTRAINT; Schema: auth; Owner: supabase_auth_admin
--

ALTER TABLE ONLY auth.saml_providers
    ADD CONSTRAINT saml_providers_pkey PRIMARY KEY (id);


--
-- Name: saml_relay_states saml_relay_states_pkey; Type: CONSTRAINT; Schema: auth; Owner: supabase_auth_admin
--

ALTER TABLE ONLY auth.saml_relay_states
    ADD CONSTRAINT saml_relay_states_pkey PRIMARY KEY (id);


--
-- Name: schema_migrations schema_migrations_pkey; Type: CONSTRAINT; Schema: auth; Owner: supabase_auth_admin
--

ALTER TABLE ONLY auth.schema_migrations
    ADD CONSTRAINT schema_migrations_pkey PRIMARY KEY (version);


--
-- Name: sessions sessions_pkey; Type: CONSTRAINT; Schema: auth; Owner: supabase_auth_admin
--

ALTER TABLE ONLY auth.sessions
    ADD CONSTRAINT sessions_pkey PRIMARY KEY (id);


--
-- Name: sso_domains sso_domains_pkey; Type: CONSTRAINT; Schema: auth; Owner: supabase_auth_admin
--

ALTER TABLE ONLY auth.sso_domains
    ADD CONSTRAINT sso_domains_pkey PRIMARY KEY (id);


--
-- Name: sso_providers sso_providers_pkey; Type: CONSTRAINT; Schema: auth; Owner: supabase_auth_admin
--

ALTER TABLE ONLY auth.sso_providers
    ADD CONSTRAINT sso_providers_pkey PRIMARY KEY (id);


--
-- Name: users users_phone_key; Type: CONSTRAINT; Schema: auth; Owner: supabase_auth_admin
--

ALTER TABLE ONLY auth.users
    ADD CONSTRAINT users_phone_key UNIQUE (phone);


--
-- Name: users users_pkey; Type: CONSTRAINT; Schema: auth; Owner: supabase_auth_admin
--

ALTER TABLE ONLY auth.users
    ADD CONSTRAINT users_pkey PRIMARY KEY (id);


--
-- Name: blogs blogs_pkey; Type: CONSTRAINT; Schema: public; Owner: postgres
--

ALTER TABLE ONLY public.blogs
    ADD CONSTRAINT blogs_pkey PRIMARY KEY (id);


--
-- Name: profiles profiles_pkey; Type: CONSTRAINT; Schema: public; Owner: postgres
--

ALTER TABLE ONLY public.profiles
    ADD CONSTRAINT profiles_pkey PRIMARY KEY (id);


--
-- Name: messages messages_pkey; Type: CONSTRAINT; Schema: realtime; Owner: supabase_realtime_admin
--

ALTER TABLE ONLY realtime.messages
    ADD CONSTRAINT messages_pkey PRIMARY KEY (id, inserted_at);


--
-- Name: subscription pk_subscription; Type: CONSTRAINT; Schema: realtime; Owner: supabase_admin
--

ALTER TABLE ONLY realtime.subscription
    ADD CONSTRAINT pk_subscription PRIMARY KEY (id);


--
-- Name: schema_migrations schema_migrations_pkey; Type: CONSTRAINT; Schema: realtime; Owner: supabase_admin
--

ALTER TABLE ONLY realtime.schema_migrations
    ADD CONSTRAINT schema_migrations_pkey PRIMARY KEY (version);


--
-- Name: buckets buckets_pkey; Type: CONSTRAINT; Schema: storage; Owner: supabase_storage_admin
--

ALTER TABLE ONLY storage.buckets
    ADD CONSTRAINT buckets_pkey PRIMARY KEY (id);


--
-- Name: migrations migrations_name_key; Type: CONSTRAINT; Schema: storage; Owner: supabase_storage_admin
--

ALTER TABLE ONLY storage.migrations
    ADD CONSTRAINT migrations_name_key UNIQUE (name);


--
-- Name: migrations migrations_pkey; Type: CONSTRAINT; Schema: storage; Owner: supabase_storage_admin
--

ALTER TABLE ONLY storage.migrations
    ADD CONSTRAINT migrations_pkey PRIMARY KEY (id);


--
-- Name: objects objects_pkey; Type: CONSTRAINT; Schema: storage; Owner: supabase_storage_admin
--

ALTER TABLE ONLY storage.objects
    ADD CONSTRAINT objects_pkey PRIMARY KEY (id);


--
-- Name: s3_multipart_uploads_parts s3_multipart_uploads_parts_pkey; Type: CONSTRAINT; Schema: storage; Owner: supabase_storage_admin
--

ALTER TABLE ONLY storage.s3_multipart_uploads_parts
    ADD CONSTRAINT s3_multipart_uploads_parts_pkey PRIMARY KEY (id);


--
-- Name: s3_multipart_uploads s3_multipart_uploads_pkey; Type: CONSTRAINT; Schema: storage; Owner: supabase_storage_admin
--

ALTER TABLE ONLY storage.s3_multipart_uploads
    ADD CONSTRAINT s3_multipart_uploads_pkey PRIMARY KEY (id);


--
-- Name: audit_logs_instance_id_idx; Type: INDEX; Schema: auth; Owner: supabase_auth_admin
--

CREATE INDEX audit_logs_instance_id_idx ON auth.audit_log_entries USING btree (instance_id);


--
-- Name: confirmation_token_idx; Type: INDEX; Schema: auth; Owner: supabase_auth_admin
--

CREATE UNIQUE INDEX confirmation_token_idx ON auth.users USING btree (confirmation_token) WHERE ((confirmation_token)::text !~ '^[0-9 ]*$'::text);


--
-- Name: email_change_token_current_idx; Type: INDEX; Schema: auth; Owner: supabase_auth_admin
--

CREATE UNIQUE INDEX email_change_token_current_idx ON auth.users USING btree (email_change_token_current) WHERE ((email_change_token_current)::text !~ '^[0-9 ]*$'::text);


--
-- Name: email_change_token_new_idx; Type: INDEX; Schema: auth; Owner: supabase_auth_admin
--

CREATE UNIQUE INDEX email_change_token_new_idx ON auth.users USING btree (email_change_token_new) WHERE ((email_change_token_new)::text !~ '^[0-9 ]*$'::text);


--
-- Name: factor_id_created_at_idx; Type: INDEX; Schema: auth; Owner: supabase_auth_admin
--

CREATE INDEX factor_id_created_at_idx ON auth.mfa_factors USING btree (user_id, created_at);


--
-- Name: flow_state_created_at_idx; Type: INDEX; Schema: auth; Owner: supabase_auth_admin
--

CREATE INDEX flow_state_created_at_idx ON auth.flow_state USING btree (created_at DESC);


--
-- Name: identities_email_idx; Type: INDEX; Schema: auth; Owner: supabase_auth_admin
--

CREATE INDEX identities_email_idx ON auth.identities USING btree (email text_pattern_ops);


--
-- Name: INDEX identities_email_idx; Type: COMMENT; Schema: auth; Owner: supabase_auth_admin
--

COMMENT ON INDEX auth.identities_email_idx IS 'Auth: Ensures indexed queries on the email column';


--
-- Name: identities_user_id_idx; Type: INDEX; Schema: auth; Owner: supabase_auth_admin
--

CREATE INDEX identities_user_id_idx ON auth.identities USING btree (user_id);


--
-- Name: idx_auth_code; Type: INDEX; Schema: auth; Owner: supabase_auth_admin
--

CREATE INDEX idx_auth_code ON auth.flow_state USING btree (auth_code);


--
-- Name: idx_user_id_auth_method; Type: INDEX; Schema: auth; Owner: supabase_auth_admin
--

CREATE INDEX idx_user_id_auth_method ON auth.flow_state USING btree (user_id, authentication_method);


--
-- Name: mfa_challenge_created_at_idx; Type: INDEX; Schema: auth; Owner: supabase_auth_admin
--

CREATE INDEX mfa_challenge_created_at_idx ON auth.mfa_challenges USING btree (created_at DESC);


--
-- Name: mfa_factors_user_friendly_name_unique; Type: INDEX; Schema: auth; Owner: supabase_auth_admin
--

CREATE UNIQUE INDEX mfa_factors_user_friendly_name_unique ON auth.mfa_factors USING btree (friendly_name, user_id) WHERE (TRIM(BOTH FROM friendly_name) <> ''::text);


--
-- Name: mfa_factors_user_id_idx; Type: INDEX; Schema: auth; Owner: supabase_auth_admin
--

CREATE INDEX mfa_factors_user_id_idx ON auth.mfa_factors USING btree (user_id);


--
-- Name: one_time_tokens_relates_to_hash_idx; Type: INDEX; Schema: auth; Owner: supabase_auth_admin
--

CREATE INDEX one_time_tokens_relates_to_hash_idx ON auth.one_time_tokens USING hash (relates_to);


--
-- Name: one_time_tokens_token_hash_hash_idx; Type: INDEX; Schema: auth; Owner: supabase_auth_admin
--

CREATE INDEX one_time_tokens_token_hash_hash_idx ON auth.one_time_tokens USING hash (token_hash);


--
-- Name: one_time_tokens_user_id_token_type_key; Type: INDEX; Schema: auth; Owner: supabase_auth_admin
--

CREATE UNIQUE INDEX one_time_tokens_user_id_token_type_key ON auth.one_time_tokens USING btree (user_id, token_type);


--
-- Name: reauthentication_token_idx; Type: INDEX; Schema: auth; Owner: supabase_auth_admin
--

CREATE UNIQUE INDEX reauthentication_token_idx ON auth.users USING btree (reauthentication_token) WHERE ((reauthentication_token)::text !~ '^[0-9 ]*$'::text);


--
-- Name: recovery_token_idx; Type: INDEX; Schema: auth; Owner: supabase_auth_admin
--

CREATE UNIQUE INDEX recovery_token_idx ON auth.users USING btree (recovery_token) WHERE ((recovery_token)::text !~ '^[0-9 ]*$'::text);


--
-- Name: refresh_tokens_instance_id_idx; Type: INDEX; Schema: auth; Owner: supabase_auth_admin
--

CREATE INDEX refresh_tokens_instance_id_idx ON auth.refresh_tokens USING btree (instance_id);


--
-- Name: refresh_tokens_instance_id_user_id_idx; Type: INDEX; Schema: auth; Owner: supabase_auth_admin
--

CREATE INDEX refresh_tokens_instance_id_user_id_idx ON auth.refresh_tokens USING btree (instance_id, user_id);


--
-- Name: refresh_tokens_parent_idx; Type: INDEX; Schema: auth; Owner: supabase_auth_admin
--

CREATE INDEX refresh_tokens_parent_idx ON auth.refresh_tokens USING btree (parent);


--
-- Name: refresh_tokens_session_id_revoked_idx; Type: INDEX; Schema: auth; Owner: supabase_auth_admin
--

CREATE INDEX refresh_tokens_session_id_revoked_idx ON auth.refresh_tokens USING btree (session_id, revoked);


--
-- Name: refresh_tokens_updated_at_idx; Type: INDEX; Schema: auth; Owner: supabase_auth_admin
--

CREATE INDEX refresh_tokens_updated_at_idx ON auth.refresh_tokens USING btree (updated_at DESC);


--
-- Name: saml_providers_sso_provider_id_idx; Type: INDEX; Schema: auth; Owner: supabase_auth_admin
--

CREATE INDEX saml_providers_sso_provider_id_idx ON auth.saml_providers USING btree (sso_provider_id);


--
-- Name: saml_relay_states_created_at_idx; Type: INDEX; Schema: auth; Owner: supabase_auth_admin
--

CREATE INDEX saml_relay_states_created_at_idx ON auth.saml_relay_states USING btree (created_at DESC);


--
-- Name: saml_relay_states_for_email_idx; Type: INDEX; Schema: auth; Owner: supabase_auth_admin
--

CREATE INDEX saml_relay_states_for_email_idx ON auth.saml_relay_states USING btree (for_email);


--
-- Name: saml_relay_states_sso_provider_id_idx; Type: INDEX; Schema: auth; Owner: supabase_auth_admin
--

CREATE INDEX saml_relay_states_sso_provider_id_idx ON auth.saml_relay_states USING btree (sso_provider_id);


--
-- Name: sessions_not_after_idx; Type: INDEX; Schema: auth; Owner: supabase_auth_admin
--

CREATE INDEX sessions_not_after_idx ON auth.sessions USING btree (not_after DESC);


--
-- Name: sessions_user_id_idx; Type: INDEX; Schema: auth; Owner: supabase_auth_admin
--

CREATE INDEX sessions_user_id_idx ON auth.sessions USING btree (user_id);


--
-- Name: sso_domains_domain_idx; Type: INDEX; Schema: auth; Owner: supabase_auth_admin
--

CREATE UNIQUE INDEX sso_domains_domain_idx ON auth.sso_domains USING btree (lower(domain));


--
-- Name: sso_domains_sso_provider_id_idx; Type: INDEX; Schema: auth; Owner: supabase_auth_admin
--

CREATE INDEX sso_domains_sso_provider_id_idx ON auth.sso_domains USING btree (sso_provider_id);


--
-- Name: sso_providers_resource_id_idx; Type: INDEX; Schema: auth; Owner: supabase_auth_admin
--

CREATE UNIQUE INDEX sso_providers_resource_id_idx ON auth.sso_providers USING btree (lower(resource_id));


--
-- Name: unique_phone_factor_per_user; Type: INDEX; Schema: auth; Owner: supabase_auth_admin
--

CREATE UNIQUE INDEX unique_phone_factor_per_user ON auth.mfa_factors USING btree (user_id, phone);


--
-- Name: user_id_created_at_idx; Type: INDEX; Schema: auth; Owner: supabase_auth_admin
--

CREATE INDEX user_id_created_at_idx ON auth.sessions USING btree (user_id, created_at);


--
-- Name: users_email_partial_key; Type: INDEX; Schema: auth; Owner: supabase_auth_admin
--

CREATE UNIQUE INDEX users_email_partial_key ON auth.users USING btree (email) WHERE (is_sso_user = false);


--
-- Name: INDEX users_email_partial_key; Type: COMMENT; Schema: auth; Owner: supabase_auth_admin
--

COMMENT ON INDEX auth.users_email_partial_key IS 'Auth: A partial unique index that applies only when is_sso_user is false';


--
-- Name: users_instance_id_email_idx; Type: INDEX; Schema: auth; Owner: supabase_auth_admin
--

CREATE INDEX users_instance_id_email_idx ON auth.users USING btree (instance_id, lower((email)::text));


--
-- Name: users_instance_id_idx; Type: INDEX; Schema: auth; Owner: supabase_auth_admin
--

CREATE INDEX users_instance_id_idx ON auth.users USING btree (instance_id);


--
-- Name: users_is_anonymous_idx; Type: INDEX; Schema: auth; Owner: supabase_auth_admin
--

CREATE INDEX users_is_anonymous_idx ON auth.users USING btree (is_anonymous);


--
-- Name: ix_realtime_subscription_entity; Type: INDEX; Schema: realtime; Owner: supabase_admin
--

CREATE INDEX ix_realtime_subscription_entity ON realtime.subscription USING btree (entity);


--
-- Name: subscription_subscription_id_entity_filters_key; Type: INDEX; Schema: realtime; Owner: supabase_admin
--

CREATE UNIQUE INDEX subscription_subscription_id_entity_filters_key ON realtime.subscription USING btree (subscription_id, entity, filters);


--
-- Name: bname; Type: INDEX; Schema: storage; Owner: supabase_storage_admin
--

CREATE UNIQUE INDEX bname ON storage.buckets USING btree (name);


--
-- Name: bucketid_objname; Type: INDEX; Schema: storage; Owner: supabase_storage_admin
--

CREATE UNIQUE INDEX bucketid_objname ON storage.objects USING btree (bucket_id, name);


--
-- Name: idx_multipart_uploads_list; Type: INDEX; Schema: storage; Owner: supabase_storage_admin
--

CREATE INDEX idx_multipart_uploads_list ON storage.s3_multipart_uploads USING btree (bucket_id, key, created_at);


--
-- Name: idx_objects_bucket_id_name; Type: INDEX; Schema: storage; Owner: supabase_storage_admin
--

CREATE INDEX idx_objects_bucket_id_name ON storage.objects USING btree (bucket_id, name COLLATE "C");


--
-- Name: name_prefix_search; Type: INDEX; Schema: storage; Owner: supabase_storage_admin
--

CREATE INDEX name_prefix_search ON storage.objects USING btree (name text_pattern_ops);


--
-- Name: users on_auth_user_created; Type: TRIGGER; Schema: auth; Owner: supabase_auth_admin
--

CREATE TRIGGER on_auth_user_created AFTER INSERT ON auth.users FOR EACH ROW EXECUTE FUNCTION public.handle_new_user();


--
-- Name: subscription tr_check_filters; Type: TRIGGER; Schema: realtime; Owner: supabase_admin
--

CREATE TRIGGER tr_check_filters BEFORE INSERT OR UPDATE ON realtime.subscription FOR EACH ROW EXECUTE FUNCTION realtime.subscription_check_filters();


--
-- Name: objects update_objects_updated_at; Type: TRIGGER; Schema: storage; Owner: supabase_storage_admin
--

CREATE TRIGGER update_objects_updated_at BEFORE UPDATE ON storage.objects FOR EACH ROW EXECUTE FUNCTION storage.update_updated_at_column();


--
-- Name: identities identities_user_id_fkey; Type: FK CONSTRAINT; Schema: auth; Owner: supabase_auth_admin
--

ALTER TABLE ONLY auth.identities
    ADD CONSTRAINT identities_user_id_fkey FOREIGN KEY (user_id) REFERENCES auth.users(id) ON DELETE CASCADE;


--
-- Name: mfa_amr_claims mfa_amr_claims_session_id_fkey; Type: FK CONSTRAINT; Schema: auth; Owner: supabase_auth_admin
--

ALTER TABLE ONLY auth.mfa_amr_claims
    ADD CONSTRAINT mfa_amr_claims_session_id_fkey FOREIGN KEY (session_id) REFERENCES auth.sessions(id) ON DELETE CASCADE;


--
-- Name: mfa_challenges mfa_challenges_auth_factor_id_fkey; Type: FK CONSTRAINT; Schema: auth; Owner: supabase_auth_admin
--

ALTER TABLE ONLY auth.mfa_challenges
    ADD CONSTRAINT mfa_challenges_auth_factor_id_fkey FOREIGN KEY (factor_id) REFERENCES auth.mfa_factors(id) ON DELETE CASCADE;


--
-- Name: mfa_factors mfa_factors_user_id_fkey; Type: FK CONSTRAINT; Schema: auth; Owner: supabase_auth_admin
--

ALTER TABLE ONLY auth.mfa_factors
    ADD CONSTRAINT mfa_factors_user_id_fkey FOREIGN KEY (user_id) REFERENCES auth.users(id) ON DELETE CASCADE;


--
-- Name: one_time_tokens one_time_tokens_user_id_fkey; Type: FK CONSTRAINT; Schema: auth; Owner: supabase_auth_admin
--

ALTER TABLE ONLY auth.one_time_tokens
    ADD CONSTRAINT one_time_tokens_user_id_fkey FOREIGN KEY (user_id) REFERENCES auth.users(id) ON DELETE CASCADE;


--
-- Name: refresh_tokens refresh_tokens_session_id_fkey; Type: FK CONSTRAINT; Schema: auth; Owner: supabase_auth_admin
--

ALTER TABLE ONLY auth.refresh_tokens
    ADD CONSTRAINT refresh_tokens_session_id_fkey FOREIGN KEY (session_id) REFERENCES auth.sessions(id) ON DELETE CASCADE;


--
-- Name: saml_providers saml_providers_sso_provider_id_fkey; Type: FK CONSTRAINT; Schema: auth; Owner: supabase_auth_admin
--

ALTER TABLE ONLY auth.saml_providers
    ADD CONSTRAINT saml_providers_sso_provider_id_fkey FOREIGN KEY (sso_provider_id) REFERENCES auth.sso_providers(id) ON DELETE CASCADE;


--
-- Name: saml_relay_states saml_relay_states_flow_state_id_fkey; Type: FK CONSTRAINT; Schema: auth; Owner: supabase_auth_admin
--

ALTER TABLE ONLY auth.saml_relay_states
    ADD CONSTRAINT saml_relay_states_flow_state_id_fkey FOREIGN KEY (flow_state_id) REFERENCES auth.flow_state(id) ON DELETE CASCADE;


--
-- Name: saml_relay_states saml_relay_states_sso_provider_id_fkey; Type: FK CONSTRAINT; Schema: auth; Owner: supabase_auth_admin
--

ALTER TABLE ONLY auth.saml_relay_states
    ADD CONSTRAINT saml_relay_states_sso_provider_id_fkey FOREIGN KEY (sso_provider_id) REFERENCES auth.sso_providers(id) ON DELETE CASCADE;


--
-- Name: sessions sessions_user_id_fkey; Type: FK CONSTRAINT; Schema: auth; Owner: supabase_auth_admin
--

ALTER TABLE ONLY auth.sessions
    ADD CONSTRAINT sessions_user_id_fkey FOREIGN KEY (user_id) REFERENCES auth.users(id) ON DELETE CASCADE;


--
-- Name: sso_domains sso_domains_sso_provider_id_fkey; Type: FK CONSTRAINT; Schema: auth; Owner: supabase_auth_admin
--

ALTER TABLE ONLY auth.sso_domains
    ADD CONSTRAINT sso_domains_sso_provider_id_fkey FOREIGN KEY (sso_provider_id) REFERENCES auth.sso_providers(id) ON DELETE CASCADE;


--
-- Name: blogs blogs_poster_id_fkey; Type: FK CONSTRAINT; Schema: public; Owner: postgres
--

ALTER TABLE ONLY public.blogs
    ADD CONSTRAINT blogs_poster_id_fkey FOREIGN KEY (poster_id) REFERENCES public.profiles(id);


--
-- Name: profiles profiles_id_fkey; Type: FK CONSTRAINT; Schema: public; Owner: postgres
--

ALTER TABLE ONLY public.profiles
    ADD CONSTRAINT profiles_id_fkey FOREIGN KEY (id) REFERENCES auth.users(id);


--
-- Name: objects objects_bucketId_fkey; Type: FK CONSTRAINT; Schema: storage; Owner: supabase_storage_admin
--

ALTER TABLE ONLY storage.objects
    ADD CONSTRAINT "objects_bucketId_fkey" FOREIGN KEY (bucket_id) REFERENCES storage.buckets(id);


--
-- Name: s3_multipart_uploads s3_multipart_uploads_bucket_id_fkey; Type: FK CONSTRAINT; Schema: storage; Owner: supabase_storage_admin
--

ALTER TABLE ONLY storage.s3_multipart_uploads
    ADD CONSTRAINT s3_multipart_uploads_bucket_id_fkey FOREIGN KEY (bucket_id) REFERENCES storage.buckets(id);


--
-- Name: s3_multipart_uploads_parts s3_multipart_uploads_parts_bucket_id_fkey; Type: FK CONSTRAINT; Schema: storage; Owner: supabase_storage_admin
--

ALTER TABLE ONLY storage.s3_multipart_uploads_parts
    ADD CONSTRAINT s3_multipart_uploads_parts_bucket_id_fkey FOREIGN KEY (bucket_id) REFERENCES storage.buckets(id);


--
-- Name: s3_multipart_uploads_parts s3_multipart_uploads_parts_upload_id_fkey; Type: FK CONSTRAINT; Schema: storage; Owner: supabase_storage_admin
--

ALTER TABLE ONLY storage.s3_multipart_uploads_parts
    ADD CONSTRAINT s3_multipart_uploads_parts_upload_id_fkey FOREIGN KEY (upload_id) REFERENCES storage.s3_multipart_uploads(id) ON DELETE CASCADE;


--
-- Name: audit_log_entries; Type: ROW SECURITY; Schema: auth; Owner: supabase_auth_admin
--

ALTER TABLE auth.audit_log_entries ENABLE ROW LEVEL SECURITY;

--
-- Name: flow_state; Type: ROW SECURITY; Schema: auth; Owner: supabase_auth_admin
--

ALTER TABLE auth.flow_state ENABLE ROW LEVEL SECURITY;

--
-- Name: identities; Type: ROW SECURITY; Schema: auth; Owner: supabase_auth_admin
--

ALTER TABLE auth.identities ENABLE ROW LEVEL SECURITY;

--
-- Name: instances; Type: ROW SECURITY; Schema: auth; Owner: supabase_auth_admin
--

ALTER TABLE auth.instances ENABLE ROW LEVEL SECURITY;

--
-- Name: mfa_amr_claims; Type: ROW SECURITY; Schema: auth; Owner: supabase_auth_admin
--

ALTER TABLE auth.mfa_amr_claims ENABLE ROW LEVEL SECURITY;

--
-- Name: mfa_challenges; Type: ROW SECURITY; Schema: auth; Owner: supabase_auth_admin
--

ALTER TABLE auth.mfa_challenges ENABLE ROW LEVEL SECURITY;

--
-- Name: mfa_factors; Type: ROW SECURITY; Schema: auth; Owner: supabase_auth_admin
--

ALTER TABLE auth.mfa_factors ENABLE ROW LEVEL SECURITY;

--
-- Name: one_time_tokens; Type: ROW SECURITY; Schema: auth; Owner: supabase_auth_admin
--

ALTER TABLE auth.one_time_tokens ENABLE ROW LEVEL SECURITY;

--
-- Name: refresh_tokens; Type: ROW SECURITY; Schema: auth; Owner: supabase_auth_admin
--

ALTER TABLE auth.refresh_tokens ENABLE ROW LEVEL SECURITY;

--
-- Name: saml_providers; Type: ROW SECURITY; Schema: auth; Owner: supabase_auth_admin
--

ALTER TABLE auth.saml_providers ENABLE ROW LEVEL SECURITY;

--
-- Name: saml_relay_states; Type: ROW SECURITY; Schema: auth; Owner: supabase_auth_admin
--

ALTER TABLE auth.saml_relay_states ENABLE ROW LEVEL SECURITY;

--
-- Name: schema_migrations; Type: ROW SECURITY; Schema: auth; Owner: supabase_auth_admin
--

ALTER TABLE auth.schema_migrations ENABLE ROW LEVEL SECURITY;

--
-- Name: sessions; Type: ROW SECURITY; Schema: auth; Owner: supabase_auth_admin
--

ALTER TABLE auth.sessions ENABLE ROW LEVEL SECURITY;

--
-- Name: sso_domains; Type: ROW SECURITY; Schema: auth; Owner: supabase_auth_admin
--

ALTER TABLE auth.sso_domains ENABLE ROW LEVEL SECURITY;

--
-- Name: sso_providers; Type: ROW SECURITY; Schema: auth; Owner: supabase_auth_admin
--

ALTER TABLE auth.sso_providers ENABLE ROW LEVEL SECURITY;

--
-- Name: users; Type: ROW SECURITY; Schema: auth; Owner: supabase_auth_admin
--

ALTER TABLE auth.users ENABLE ROW LEVEL SECURITY;

--
-- Name: blogs Public blogs are viewable by everyone.; Type: POLICY; Schema: public; Owner: postgres
--

CREATE POLICY "Public blogs are viewable by everyone." ON public.blogs FOR SELECT USING (true);


--
-- Name: profiles Public profiles are viewable by everyone.; Type: POLICY; Schema: public; Owner: postgres
--

CREATE POLICY "Public profiles are viewable by everyone." ON public.profiles FOR SELECT USING (true);


--
-- Name: blogs Users can insert their own blogs.; Type: POLICY; Schema: public; Owner: postgres
--

CREATE POLICY "Users can insert their own blogs." ON public.blogs FOR INSERT WITH CHECK ((( SELECT auth.uid() AS uid) = id));


--
-- Name: profiles Users can insert their own profile.; Type: POLICY; Schema: public; Owner: postgres
--

CREATE POLICY "Users can insert their own profile." ON public.profiles FOR INSERT WITH CHECK ((( SELECT auth.uid() AS uid) = id));


--
-- Name: blogs Users can update own blogs.; Type: POLICY; Schema: public; Owner: postgres
--

CREATE POLICY "Users can update own blogs." ON public.blogs FOR UPDATE USING ((( SELECT auth.uid() AS uid) = id));


--
-- Name: profiles Users can update own profile.; Type: POLICY; Schema: public; Owner: postgres
--

CREATE POLICY "Users can update own profile." ON public.profiles FOR UPDATE USING ((( SELECT auth.uid() AS uid) = id));


--
-- Name: profiles; Type: ROW SECURITY; Schema: public; Owner: postgres
--

ALTER TABLE public.profiles ENABLE ROW LEVEL SECURITY;

--
-- Name: messages; Type: ROW SECURITY; Schema: realtime; Owner: supabase_realtime_admin
--

ALTER TABLE realtime.messages ENABLE ROW LEVEL SECURITY;

--
-- Name: objects Anyone can update their own avatar.; Type: POLICY; Schema: storage; Owner: supabase_storage_admin
--

CREATE POLICY "Anyone can update their own avatar." ON storage.objects FOR UPDATE USING ((( SELECT auth.uid() AS uid) = owner)) WITH CHECK ((bucket_id = 'blog_images'::text));


--
-- Name: objects Anyone can upload an avatar.; Type: POLICY; Schema: storage; Owner: supabase_storage_admin
--

CREATE POLICY "Anyone can upload an avatar." ON storage.objects FOR INSERT WITH CHECK ((bucket_id = 'blog_images'::text));


--
-- Name: objects Avatar images are publicly accessible.; Type: POLICY; Schema: storage; Owner: supabase_storage_admin
--

CREATE POLICY "Avatar images are publicly accessible." ON storage.objects FOR SELECT USING ((bucket_id = 'blog_images'::text));


--
-- Name: buckets; Type: ROW SECURITY; Schema: storage; Owner: supabase_storage_admin
--

ALTER TABLE storage.buckets ENABLE ROW LEVEL SECURITY;

--
-- Name: migrations; Type: ROW SECURITY; Schema: storage; Owner: supabase_storage_admin
--

ALTER TABLE storage.migrations ENABLE ROW LEVEL SECURITY;

--
-- Name: objects; Type: ROW SECURITY; Schema: storage; Owner: supabase_storage_admin
--

ALTER TABLE storage.objects ENABLE ROW LEVEL SECURITY;

--
-- Name: s3_multipart_uploads; Type: ROW SECURITY; Schema: storage; Owner: supabase_storage_admin
--

ALTER TABLE storage.s3_multipart_uploads ENABLE ROW LEVEL SECURITY;

--
-- Name: s3_multipart_uploads_parts; Type: ROW SECURITY; Schema: storage; Owner: supabase_storage_admin
--

ALTER TABLE storage.s3_multipart_uploads_parts ENABLE ROW LEVEL SECURITY;

--
-- Name: supabase_realtime; Type: PUBLICATION; Schema: -; Owner: postgres
--

CREATE PUBLICATION supabase_realtime WITH (publish = 'insert, update, delete, truncate');


ALTER PUBLICATION supabase_realtime OWNER TO postgres;

--
-- Name: SCHEMA auth; Type: ACL; Schema: -; Owner: supabase_admin
--

GRANT USAGE ON SCHEMA auth TO anon;
GRANT USAGE ON SCHEMA auth TO authenticated;
GRANT USAGE ON SCHEMA auth TO service_role;
GRANT ALL ON SCHEMA auth TO supabase_auth_admin;
GRANT ALL ON SCHEMA auth TO dashboard_user;
GRANT ALL ON SCHEMA auth TO postgres;


--
-- Name: SCHEMA extensions; Type: ACL; Schema: -; Owner: postgres
--

GRANT USAGE ON SCHEMA extensions TO anon;
GRANT USAGE ON SCHEMA extensions TO authenticated;
GRANT USAGE ON SCHEMA extensions TO service_role;
GRANT ALL ON SCHEMA extensions TO dashboard_user;


--
-- Name: SCHEMA public; Type: ACL; Schema: -; Owner: pg_database_owner
--

GRANT USAGE ON SCHEMA public TO postgres;
GRANT USAGE ON SCHEMA public TO anon;
GRANT USAGE ON SCHEMA public TO authenticated;
GRANT USAGE ON SCHEMA public TO service_role;


--
-- Name: SCHEMA realtime; Type: ACL; Schema: -; Owner: supabase_admin
--

GRANT USAGE ON SCHEMA realtime TO postgres;
GRANT USAGE ON SCHEMA realtime TO anon;
GRANT USAGE ON SCHEMA realtime TO authenticated;
GRANT USAGE ON SCHEMA realtime TO service_role;
GRANT ALL ON SCHEMA realtime TO supabase_realtime_admin;


--
-- Name: SCHEMA storage; Type: ACL; Schema: -; Owner: supabase_admin
--

GRANT ALL ON SCHEMA storage TO postgres;
GRANT USAGE ON SCHEMA storage TO anon;
GRANT USAGE ON SCHEMA storage TO authenticated;
GRANT USAGE ON SCHEMA storage TO service_role;
GRANT ALL ON SCHEMA storage TO supabase_storage_admin;
GRANT ALL ON SCHEMA storage TO dashboard_user;


--
-- Name: FUNCTION email(); Type: ACL; Schema: auth; Owner: supabase_auth_admin
--

GRANT ALL ON FUNCTION auth.email() TO dashboard_user;
GRANT ALL ON FUNCTION auth.email() TO postgres;


--
-- Name: FUNCTION jwt(); Type: ACL; Schema: auth; Owner: supabase_auth_admin
--

GRANT ALL ON FUNCTION auth.jwt() TO postgres;
GRANT ALL ON FUNCTION auth.jwt() TO dashboard_user;


--
-- Name: FUNCTION role(); Type: ACL; Schema: auth; Owner: supabase_auth_admin
--

GRANT ALL ON FUNCTION auth.role() TO dashboard_user;
GRANT ALL ON FUNCTION auth.role() TO postgres;


--
-- Name: FUNCTION uid(); Type: ACL; Schema: auth; Owner: supabase_auth_admin
--

GRANT ALL ON FUNCTION auth.uid() TO dashboard_user;
GRANT ALL ON FUNCTION auth.uid() TO postgres;


--
-- Name: FUNCTION algorithm_sign(signables text, secret text, algorithm text); Type: ACL; Schema: extensions; Owner: supabase_admin
--

GRANT ALL ON FUNCTION extensions.algorithm_sign(signables text, secret text, algorithm text) TO postgres WITH GRANT OPTION;
GRANT ALL ON FUNCTION extensions.algorithm_sign(signables text, secret text, algorithm text) TO dashboard_user;


--
-- Name: FUNCTION armor(bytea); Type: ACL; Schema: extensions; Owner: supabase_admin
--

GRANT ALL ON FUNCTION extensions.armor(bytea) TO postgres WITH GRANT OPTION;
GRANT ALL ON FUNCTION extensions.armor(bytea) TO dashboard_user;


--
-- Name: FUNCTION armor(bytea, text[], text[]); Type: ACL; Schema: extensions; Owner: supabase_admin
--

GRANT ALL ON FUNCTION extensions.armor(bytea, text[], text[]) TO postgres WITH GRANT OPTION;
GRANT ALL ON FUNCTION extensions.armor(bytea, text[], text[]) TO dashboard_user;


--
-- Name: FUNCTION crypt(text, text); Type: ACL; Schema: extensions; Owner: supabase_admin
--

GRANT ALL ON FUNCTION extensions.crypt(text, text) TO postgres WITH GRANT OPTION;
GRANT ALL ON FUNCTION extensions.crypt(text, text) TO dashboard_user;


--
-- Name: FUNCTION dearmor(text); Type: ACL; Schema: extensions; Owner: supabase_admin
--

GRANT ALL ON FUNCTION extensions.dearmor(text) TO postgres WITH GRANT OPTION;
GRANT ALL ON FUNCTION extensions.dearmor(text) TO dashboard_user;


--
-- Name: FUNCTION decrypt(bytea, bytea, text); Type: ACL; Schema: extensions; Owner: supabase_admin
--

GRANT ALL ON FUNCTION extensions.decrypt(bytea, bytea, text) TO postgres WITH GRANT OPTION;
GRANT ALL ON FUNCTION extensions.decrypt(bytea, bytea, text) TO dashboard_user;


--
-- Name: FUNCTION decrypt_iv(bytea, bytea, bytea, text); Type: ACL; Schema: extensions; Owner: supabase_admin
--

GRANT ALL ON FUNCTION extensions.decrypt_iv(bytea, bytea, bytea, text) TO postgres WITH GRANT OPTION;
GRANT ALL ON FUNCTION extensions.decrypt_iv(bytea, bytea, bytea, text) TO dashboard_user;


--
-- Name: FUNCTION digest(bytea, text); Type: ACL; Schema: extensions; Owner: supabase_admin
--

GRANT ALL ON FUNCTION extensions.digest(bytea, text) TO postgres WITH GRANT OPTION;
GRANT ALL ON FUNCTION extensions.digest(bytea, text) TO dashboard_user;


--
-- Name: FUNCTION digest(text, text); Type: ACL; Schema: extensions; Owner: supabase_admin
--

GRANT ALL ON FUNCTION extensions.digest(text, text) TO postgres WITH GRANT OPTION;
GRANT ALL ON FUNCTION extensions.digest(text, text) TO dashboard_user;


--
-- Name: FUNCTION encrypt(bytea, bytea, text); Type: ACL; Schema: extensions; Owner: supabase_admin
--

GRANT ALL ON FUNCTION extensions.encrypt(bytea, bytea, text) TO postgres WITH GRANT OPTION;
GRANT ALL ON FUNCTION extensions.encrypt(bytea, bytea, text) TO dashboard_user;


--
-- Name: FUNCTION encrypt_iv(bytea, bytea, bytea, text); Type: ACL; Schema: extensions; Owner: supabase_admin
--

GRANT ALL ON FUNCTION extensions.encrypt_iv(bytea, bytea, bytea, text) TO postgres WITH GRANT OPTION;
GRANT ALL ON FUNCTION extensions.encrypt_iv(bytea, bytea, bytea, text) TO dashboard_user;


--
-- Name: FUNCTION gen_random_bytes(integer); Type: ACL; Schema: extensions; Owner: supabase_admin
--

GRANT ALL ON FUNCTION extensions.gen_random_bytes(integer) TO postgres WITH GRANT OPTION;
GRANT ALL ON FUNCTION extensions.gen_random_bytes(integer) TO dashboard_user;


--
-- Name: FUNCTION gen_random_uuid(); Type: ACL; Schema: extensions; Owner: supabase_admin
--

GRANT ALL ON FUNCTION extensions.gen_random_uuid() TO postgres WITH GRANT OPTION;
GRANT ALL ON FUNCTION extensions.gen_random_uuid() TO dashboard_user;


--
-- Name: FUNCTION gen_salt(text); Type: ACL; Schema: extensions; Owner: supabase_admin
--

GRANT ALL ON FUNCTION extensions.gen_salt(text) TO postgres WITH GRANT OPTION;
GRANT ALL ON FUNCTION extensions.gen_salt(text) TO dashboard_user;


--
-- Name: FUNCTION gen_salt(text, integer); Type: ACL; Schema: extensions; Owner: supabase_admin
--

GRANT ALL ON FUNCTION extensions.gen_salt(text, integer) TO postgres WITH GRANT OPTION;
GRANT ALL ON FUNCTION extensions.gen_salt(text, integer) TO dashboard_user;


--
-- Name: FUNCTION grant_pg_cron_access(); Type: ACL; Schema: extensions; Owner: postgres
--

REVOKE ALL ON FUNCTION extensions.grant_pg_cron_access() FROM postgres;
GRANT ALL ON FUNCTION extensions.grant_pg_cron_access() TO postgres WITH GRANT OPTION;
GRANT ALL ON FUNCTION extensions.grant_pg_cron_access() TO dashboard_user;


--
-- Name: FUNCTION grant_pg_graphql_access(); Type: ACL; Schema: extensions; Owner: supabase_admin
--

GRANT ALL ON FUNCTION extensions.grant_pg_graphql_access() TO postgres WITH GRANT OPTION;


--
-- Name: FUNCTION grant_pg_net_access(); Type: ACL; Schema: extensions; Owner: postgres
--

REVOKE ALL ON FUNCTION extensions.grant_pg_net_access() FROM postgres;
GRANT ALL ON FUNCTION extensions.grant_pg_net_access() TO postgres WITH GRANT OPTION;
GRANT ALL ON FUNCTION extensions.grant_pg_net_access() TO dashboard_user;


--
-- Name: FUNCTION hmac(bytea, bytea, text); Type: ACL; Schema: extensions; Owner: supabase_admin
--

GRANT ALL ON FUNCTION extensions.hmac(bytea, bytea, text) TO postgres WITH GRANT OPTION;
GRANT ALL ON FUNCTION extensions.hmac(bytea, bytea, text) TO dashboard_user;


--
-- Name: FUNCTION hmac(text, text, text); Type: ACL; Schema: extensions; Owner: supabase_admin
--

GRANT ALL ON FUNCTION extensions.hmac(text, text, text) TO postgres WITH GRANT OPTION;
GRANT ALL ON FUNCTION extensions.hmac(text, text, text) TO dashboard_user;


--
-- Name: FUNCTION pg_stat_statements(showtext boolean, OUT userid oid, OUT dbid oid, OUT toplevel boolean, OUT queryid bigint, OUT query text, OUT plans bigint, OUT total_plan_time double precision, OUT min_plan_time double precision, OUT max_plan_time double precision, OUT mean_plan_time double precision, OUT stddev_plan_time double precision, OUT calls bigint, OUT total_exec_time double precision, OUT min_exec_time double precision, OUT max_exec_time double precision, OUT mean_exec_time double precision, OUT stddev_exec_time double precision, OUT rows bigint, OUT shared_blks_hit bigint, OUT shared_blks_read bigint, OUT shared_blks_dirtied bigint, OUT shared_blks_written bigint, OUT local_blks_hit bigint, OUT local_blks_read bigint, OUT local_blks_dirtied bigint, OUT local_blks_written bigint, OUT temp_blks_read bigint, OUT temp_blks_written bigint, OUT blk_read_time double precision, OUT blk_write_time double precision, OUT temp_blk_read_time double precision, OUT temp_blk_write_time double precision, OUT wal_records bigint, OUT wal_fpi bigint, OUT wal_bytes numeric, OUT jit_functions bigint, OUT jit_generation_time double precision, OUT jit_inlining_count bigint, OUT jit_inlining_time double precision, OUT jit_optimization_count bigint, OUT jit_optimization_time double precision, OUT jit_emission_count bigint, OUT jit_emission_time double precision); Type: ACL; Schema: extensions; Owner: supabase_admin
--

GRANT ALL ON FUNCTION extensions.pg_stat_statements(showtext boolean, OUT userid oid, OUT dbid oid, OUT toplevel boolean, OUT queryid bigint, OUT query text, OUT plans bigint, OUT total_plan_time double precision, OUT min_plan_time double precision, OUT max_plan_time double precision, OUT mean_plan_time double precision, OUT stddev_plan_time double precision, OUT calls bigint, OUT total_exec_time double precision, OUT min_exec_time double precision, OUT max_exec_time double precision, OUT mean_exec_time double precision, OUT stddev_exec_time double precision, OUT rows bigint, OUT shared_blks_hit bigint, OUT shared_blks_read bigint, OUT shared_blks_dirtied bigint, OUT shared_blks_written bigint, OUT local_blks_hit bigint, OUT local_blks_read bigint, OUT local_blks_dirtied bigint, OUT local_blks_written bigint, OUT temp_blks_read bigint, OUT temp_blks_written bigint, OUT blk_read_time double precision, OUT blk_write_time double precision, OUT temp_blk_read_time double precision, OUT temp_blk_write_time double precision, OUT wal_records bigint, OUT wal_fpi bigint, OUT wal_bytes numeric, OUT jit_functions bigint, OUT jit_generation_time double precision, OUT jit_inlining_count bigint, OUT jit_inlining_time double precision, OUT jit_optimization_count bigint, OUT jit_optimization_time double precision, OUT jit_emission_count bigint, OUT jit_emission_time double precision) TO postgres WITH GRANT OPTION;
GRANT ALL ON FUNCTION extensions.pg_stat_statements(showtext boolean, OUT userid oid, OUT dbid oid, OUT toplevel boolean, OUT queryid bigint, OUT query text, OUT plans bigint, OUT total_plan_time double precision, OUT min_plan_time double precision, OUT max_plan_time double precision, OUT mean_plan_time double precision, OUT stddev_plan_time double precision, OUT calls bigint, OUT total_exec_time double precision, OUT min_exec_time double precision, OUT max_exec_time double precision, OUT mean_exec_time double precision, OUT stddev_exec_time double precision, OUT rows bigint, OUT shared_blks_hit bigint, OUT shared_blks_read bigint, OUT shared_blks_dirtied bigint, OUT shared_blks_written bigint, OUT local_blks_hit bigint, OUT local_blks_read bigint, OUT local_blks_dirtied bigint, OUT local_blks_written bigint, OUT temp_blks_read bigint, OUT temp_blks_written bigint, OUT blk_read_time double precision, OUT blk_write_time double precision, OUT temp_blk_read_time double precision, OUT temp_blk_write_time double precision, OUT wal_records bigint, OUT wal_fpi bigint, OUT wal_bytes numeric, OUT jit_functions bigint, OUT jit_generation_time double precision, OUT jit_inlining_count bigint, OUT jit_inlining_time double precision, OUT jit_optimization_count bigint, OUT jit_optimization_time double precision, OUT jit_emission_count bigint, OUT jit_emission_time double precision) TO dashboard_user;


--
-- Name: FUNCTION pg_stat_statements_info(OUT dealloc bigint, OUT stats_reset timestamp with time zone); Type: ACL; Schema: extensions; Owner: supabase_admin
--

GRANT ALL ON FUNCTION extensions.pg_stat_statements_info(OUT dealloc bigint, OUT stats_reset timestamp with time zone) TO postgres WITH GRANT OPTION;
GRANT ALL ON FUNCTION extensions.pg_stat_statements_info(OUT dealloc bigint, OUT stats_reset timestamp with time zone) TO dashboard_user;


--
-- Name: FUNCTION pg_stat_statements_reset(userid oid, dbid oid, queryid bigint); Type: ACL; Schema: extensions; Owner: supabase_admin
--

GRANT ALL ON FUNCTION extensions.pg_stat_statements_reset(userid oid, dbid oid, queryid bigint) TO postgres WITH GRANT OPTION;
GRANT ALL ON FUNCTION extensions.pg_stat_statements_reset(userid oid, dbid oid, queryid bigint) TO dashboard_user;


--
-- Name: FUNCTION pgp_armor_headers(text, OUT key text, OUT value text); Type: ACL; Schema: extensions; Owner: supabase_admin
--

GRANT ALL ON FUNCTION extensions.pgp_armor_headers(text, OUT key text, OUT value text) TO postgres WITH GRANT OPTION;
GRANT ALL ON FUNCTION extensions.pgp_armor_headers(text, OUT key text, OUT value text) TO dashboard_user;


--
-- Name: FUNCTION pgp_key_id(bytea); Type: ACL; Schema: extensions; Owner: supabase_admin
--

GRANT ALL ON FUNCTION extensions.pgp_key_id(bytea) TO postgres WITH GRANT OPTION;
GRANT ALL ON FUNCTION extensions.pgp_key_id(bytea) TO dashboard_user;


--
-- Name: FUNCTION pgp_pub_decrypt(bytea, bytea); Type: ACL; Schema: extensions; Owner: supabase_admin
--

GRANT ALL ON FUNCTION extensions.pgp_pub_decrypt(bytea, bytea) TO postgres WITH GRANT OPTION;
GRANT ALL ON FUNCTION extensions.pgp_pub_decrypt(bytea, bytea) TO dashboard_user;


--
-- Name: FUNCTION pgp_pub_decrypt(bytea, bytea, text); Type: ACL; Schema: extensions; Owner: supabase_admin
--

GRANT ALL ON FUNCTION extensions.pgp_pub_decrypt(bytea, bytea, text) TO postgres WITH GRANT OPTION;
GRANT ALL ON FUNCTION extensions.pgp_pub_decrypt(bytea, bytea, text) TO dashboard_user;


--
-- Name: FUNCTION pgp_pub_decrypt(bytea, bytea, text, text); Type: ACL; Schema: extensions; Owner: supabase_admin
--

GRANT ALL ON FUNCTION extensions.pgp_pub_decrypt(bytea, bytea, text, text) TO postgres WITH GRANT OPTION;
GRANT ALL ON FUNCTION extensions.pgp_pub_decrypt(bytea, bytea, text, text) TO dashboard_user;


--
-- Name: FUNCTION pgp_pub_decrypt_bytea(bytea, bytea); Type: ACL; Schema: extensions; Owner: supabase_admin
--

GRANT ALL ON FUNCTION extensions.pgp_pub_decrypt_bytea(bytea, bytea) TO postgres WITH GRANT OPTION;
GRANT ALL ON FUNCTION extensions.pgp_pub_decrypt_bytea(bytea, bytea) TO dashboard_user;


--
-- Name: FUNCTION pgp_pub_decrypt_bytea(bytea, bytea, text); Type: ACL; Schema: extensions; Owner: supabase_admin
--

GRANT ALL ON FUNCTION extensions.pgp_pub_decrypt_bytea(bytea, bytea, text) TO postgres WITH GRANT OPTION;
GRANT ALL ON FUNCTION extensions.pgp_pub_decrypt_bytea(bytea, bytea, text) TO dashboard_user;


--
-- Name: FUNCTION pgp_pub_decrypt_bytea(bytea, bytea, text, text); Type: ACL; Schema: extensions; Owner: supabase_admin
--

GRANT ALL ON FUNCTION extensions.pgp_pub_decrypt_bytea(bytea, bytea, text, text) TO postgres WITH GRANT OPTION;
GRANT ALL ON FUNCTION extensions.pgp_pub_decrypt_bytea(bytea, bytea, text, text) TO dashboard_user;


--
-- Name: FUNCTION pgp_pub_encrypt(text, bytea); Type: ACL; Schema: extensions; Owner: supabase_admin
--

GRANT ALL ON FUNCTION extensions.pgp_pub_encrypt(text, bytea) TO postgres WITH GRANT OPTION;
GRANT ALL ON FUNCTION extensions.pgp_pub_encrypt(text, bytea) TO dashboard_user;


--
-- Name: FUNCTION pgp_pub_encrypt(text, bytea, text); Type: ACL; Schema: extensions; Owner: supabase_admin
--

GRANT ALL ON FUNCTION extensions.pgp_pub_encrypt(text, bytea, text) TO postgres WITH GRANT OPTION;
GRANT ALL ON FUNCTION extensions.pgp_pub_encrypt(text, bytea, text) TO dashboard_user;


--
-- Name: FUNCTION pgp_pub_encrypt_bytea(bytea, bytea); Type: ACL; Schema: extensions; Owner: supabase_admin
--

GRANT ALL ON FUNCTION extensions.pgp_pub_encrypt_bytea(bytea, bytea) TO postgres WITH GRANT OPTION;
GRANT ALL ON FUNCTION extensions.pgp_pub_encrypt_bytea(bytea, bytea) TO dashboard_user;


--
-- Name: FUNCTION pgp_pub_encrypt_bytea(bytea, bytea, text); Type: ACL; Schema: extensions; Owner: supabase_admin
--

GRANT ALL ON FUNCTION extensions.pgp_pub_encrypt_bytea(bytea, bytea, text) TO postgres WITH GRANT OPTION;
GRANT ALL ON FUNCTION extensions.pgp_pub_encrypt_bytea(bytea, bytea, text) TO dashboard_user;


--
-- Name: FUNCTION pgp_sym_decrypt(bytea, text); Type: ACL; Schema: extensions; Owner: supabase_admin
--

GRANT ALL ON FUNCTION extensions.pgp_sym_decrypt(bytea, text) TO postgres WITH GRANT OPTION;
GRANT ALL ON FUNCTION extensions.pgp_sym_decrypt(bytea, text) TO dashboard_user;


--
-- Name: FUNCTION pgp_sym_decrypt(bytea, text, text); Type: ACL; Schema: extensions; Owner: supabase_admin
--

GRANT ALL ON FUNCTION extensions.pgp_sym_decrypt(bytea, text, text) TO postgres WITH GRANT OPTION;
GRANT ALL ON FUNCTION extensions.pgp_sym_decrypt(bytea, text, text) TO dashboard_user;


--
-- Name: FUNCTION pgp_sym_decrypt_bytea(bytea, text); Type: ACL; Schema: extensions; Owner: supabase_admin
--

GRANT ALL ON FUNCTION extensions.pgp_sym_decrypt_bytea(bytea, text) TO postgres WITH GRANT OPTION;
GRANT ALL ON FUNCTION extensions.pgp_sym_decrypt_bytea(bytea, text) TO dashboard_user;


--
-- Name: FUNCTION pgp_sym_decrypt_bytea(bytea, text, text); Type: ACL; Schema: extensions; Owner: supabase_admin
--

GRANT ALL ON FUNCTION extensions.pgp_sym_decrypt_bytea(bytea, text, text) TO postgres WITH GRANT OPTION;
GRANT ALL ON FUNCTION extensions.pgp_sym_decrypt_bytea(bytea, text, text) TO dashboard_user;


--
-- Name: FUNCTION pgp_sym_encrypt(text, text); Type: ACL; Schema: extensions; Owner: supabase_admin
--

GRANT ALL ON FUNCTION extensions.pgp_sym_encrypt(text, text) TO postgres WITH GRANT OPTION;
GRANT ALL ON FUNCTION extensions.pgp_sym_encrypt(text, text) TO dashboard_user;


--
-- Name: FUNCTION pgp_sym_encrypt(text, text, text); Type: ACL; Schema: extensions; Owner: supabase_admin
--

GRANT ALL ON FUNCTION extensions.pgp_sym_encrypt(text, text, text) TO postgres WITH GRANT OPTION;
GRANT ALL ON FUNCTION extensions.pgp_sym_encrypt(text, text, text) TO dashboard_user;


--
-- Name: FUNCTION pgp_sym_encrypt_bytea(bytea, text); Type: ACL; Schema: extensions; Owner: supabase_admin
--

GRANT ALL ON FUNCTION extensions.pgp_sym_encrypt_bytea(bytea, text) TO postgres WITH GRANT OPTION;
GRANT ALL ON FUNCTION extensions.pgp_sym_encrypt_bytea(bytea, text) TO dashboard_user;


--
-- Name: FUNCTION pgp_sym_encrypt_bytea(bytea, text, text); Type: ACL; Schema: extensions; Owner: supabase_admin
--

GRANT ALL ON FUNCTION extensions.pgp_sym_encrypt_bytea(bytea, text, text) TO postgres WITH GRANT OPTION;
GRANT ALL ON FUNCTION extensions.pgp_sym_encrypt_bytea(bytea, text, text) TO dashboard_user;


--
-- Name: FUNCTION pgrst_ddl_watch(); Type: ACL; Schema: extensions; Owner: supabase_admin
--

GRANT ALL ON FUNCTION extensions.pgrst_ddl_watch() TO postgres WITH GRANT OPTION;


--
-- Name: FUNCTION pgrst_drop_watch(); Type: ACL; Schema: extensions; Owner: supabase_admin
--

GRANT ALL ON FUNCTION extensions.pgrst_drop_watch() TO postgres WITH GRANT OPTION;


--
-- Name: FUNCTION set_graphql_placeholder(); Type: ACL; Schema: extensions; Owner: supabase_admin
--

GRANT ALL ON FUNCTION extensions.set_graphql_placeholder() TO postgres WITH GRANT OPTION;


--
-- Name: FUNCTION sign(payload json, secret text, algorithm text); Type: ACL; Schema: extensions; Owner: supabase_admin
--

GRANT ALL ON FUNCTION extensions.sign(payload json, secret text, algorithm text) TO postgres WITH GRANT OPTION;
GRANT ALL ON FUNCTION extensions.sign(payload json, secret text, algorithm text) TO dashboard_user;


--
-- Name: FUNCTION try_cast_double(inp text); Type: ACL; Schema: extensions; Owner: supabase_admin
--

GRANT ALL ON FUNCTION extensions.try_cast_double(inp text) TO postgres WITH GRANT OPTION;
GRANT ALL ON FUNCTION extensions.try_cast_double(inp text) TO dashboard_user;


--
-- Name: FUNCTION url_decode(data text); Type: ACL; Schema: extensions; Owner: supabase_admin
--

GRANT ALL ON FUNCTION extensions.url_decode(data text) TO postgres WITH GRANT OPTION;
GRANT ALL ON FUNCTION extensions.url_decode(data text) TO dashboard_user;


--
-- Name: FUNCTION url_encode(data bytea); Type: ACL; Schema: extensions; Owner: supabase_admin
--

GRANT ALL ON FUNCTION extensions.url_encode(data bytea) TO postgres WITH GRANT OPTION;
GRANT ALL ON FUNCTION extensions.url_encode(data bytea) TO dashboard_user;


--
-- Name: FUNCTION uuid_generate_v1(); Type: ACL; Schema: extensions; Owner: supabase_admin
--

GRANT ALL ON FUNCTION extensions.uuid_generate_v1() TO postgres WITH GRANT OPTION;
GRANT ALL ON FUNCTION extensions.uuid_generate_v1() TO dashboard_user;


--
-- Name: FUNCTION uuid_generate_v1mc(); Type: ACL; Schema: extensions; Owner: supabase_admin
--

GRANT ALL ON FUNCTION extensions.uuid_generate_v1mc() TO postgres WITH GRANT OPTION;
GRANT ALL ON FUNCTION extensions.uuid_generate_v1mc() TO dashboard_user;


--
-- Name: FUNCTION uuid_generate_v3(namespace uuid, name text); Type: ACL; Schema: extensions; Owner: supabase_admin
--

GRANT ALL ON FUNCTION extensions.uuid_generate_v3(namespace uuid, name text) TO postgres WITH GRANT OPTION;
GRANT ALL ON FUNCTION extensions.uuid_generate_v3(namespace uuid, name text) TO dashboard_user;


--
-- Name: FUNCTION uuid_generate_v4(); Type: ACL; Schema: extensions; Owner: supabase_admin
--

GRANT ALL ON FUNCTION extensions.uuid_generate_v4() TO postgres WITH GRANT OPTION;
GRANT ALL ON FUNCTION extensions.uuid_generate_v4() TO dashboard_user;


--
-- Name: FUNCTION uuid_generate_v5(namespace uuid, name text); Type: ACL; Schema: extensions; Owner: supabase_admin
--

GRANT ALL ON FUNCTION extensions.uuid_generate_v5(namespace uuid, name text) TO postgres WITH GRANT OPTION;
GRANT ALL ON FUNCTION extensions.uuid_generate_v5(namespace uuid, name text) TO dashboard_user;


--
-- Name: FUNCTION uuid_nil(); Type: ACL; Schema: extensions; Owner: supabase_admin
--

GRANT ALL ON FUNCTION extensions.uuid_nil() TO postgres WITH GRANT OPTION;
GRANT ALL ON FUNCTION extensions.uuid_nil() TO dashboard_user;


--
-- Name: FUNCTION uuid_ns_dns(); Type: ACL; Schema: extensions; Owner: supabase_admin
--

GRANT ALL ON FUNCTION extensions.uuid_ns_dns() TO postgres WITH GRANT OPTION;
GRANT ALL ON FUNCTION extensions.uuid_ns_dns() TO dashboard_user;


--
-- Name: FUNCTION uuid_ns_oid(); Type: ACL; Schema: extensions; Owner: supabase_admin
--

GRANT ALL ON FUNCTION extensions.uuid_ns_oid() TO postgres WITH GRANT OPTION;
GRANT ALL ON FUNCTION extensions.uuid_ns_oid() TO dashboard_user;


--
-- Name: FUNCTION uuid_ns_url(); Type: ACL; Schema: extensions; Owner: supabase_admin
--

GRANT ALL ON FUNCTION extensions.uuid_ns_url() TO postgres WITH GRANT OPTION;
GRANT ALL ON FUNCTION extensions.uuid_ns_url() TO dashboard_user;


--
-- Name: FUNCTION uuid_ns_x500(); Type: ACL; Schema: extensions; Owner: supabase_admin
--

GRANT ALL ON FUNCTION extensions.uuid_ns_x500() TO postgres WITH GRANT OPTION;
GRANT ALL ON FUNCTION extensions.uuid_ns_x500() TO dashboard_user;


--
-- Name: FUNCTION verify(token text, secret text, algorithm text); Type: ACL; Schema: extensions; Owner: supabase_admin
--

GRANT ALL ON FUNCTION extensions.verify(token text, secret text, algorithm text) TO postgres WITH GRANT OPTION;
GRANT ALL ON FUNCTION extensions.verify(token text, secret text, algorithm text) TO dashboard_user;


--
-- Name: FUNCTION graphql("operationName" text, query text, variables jsonb, extensions jsonb); Type: ACL; Schema: graphql_public; Owner: supabase_admin
--

GRANT ALL ON FUNCTION graphql_public.graphql("operationName" text, query text, variables jsonb, extensions jsonb) TO postgres;
GRANT ALL ON FUNCTION graphql_public.graphql("operationName" text, query text, variables jsonb, extensions jsonb) TO anon;
GRANT ALL ON FUNCTION graphql_public.graphql("operationName" text, query text, variables jsonb, extensions jsonb) TO authenticated;
GRANT ALL ON FUNCTION graphql_public.graphql("operationName" text, query text, variables jsonb, extensions jsonb) TO service_role;


--
-- Name: FUNCTION get_auth(p_usename text); Type: ACL; Schema: pgbouncer; Owner: postgres
--

REVOKE ALL ON FUNCTION pgbouncer.get_auth(p_usename text) FROM PUBLIC;
GRANT ALL ON FUNCTION pgbouncer.get_auth(p_usename text) TO pgbouncer;


--
-- Name: FUNCTION crypto_aead_det_decrypt(message bytea, additional bytea, key_uuid uuid, nonce bytea); Type: ACL; Schema: pgsodium; Owner: pgsodium_keymaker
--

GRANT ALL ON FUNCTION pgsodium.crypto_aead_det_decrypt(message bytea, additional bytea, key_uuid uuid, nonce bytea) TO service_role;


--
-- Name: FUNCTION crypto_aead_det_encrypt(message bytea, additional bytea, key_uuid uuid, nonce bytea); Type: ACL; Schema: pgsodium; Owner: pgsodium_keymaker
--

GRANT ALL ON FUNCTION pgsodium.crypto_aead_det_encrypt(message bytea, additional bytea, key_uuid uuid, nonce bytea) TO service_role;


--
-- Name: FUNCTION crypto_aead_det_keygen(); Type: ACL; Schema: pgsodium; Owner: supabase_admin
--

GRANT ALL ON FUNCTION pgsodium.crypto_aead_det_keygen() TO service_role;


--
-- Name: FUNCTION handle_new_user(); Type: ACL; Schema: public; Owner: postgres
--

GRANT ALL ON FUNCTION public.handle_new_user() TO anon;
GRANT ALL ON FUNCTION public.handle_new_user() TO authenticated;
GRANT ALL ON FUNCTION public.handle_new_user() TO service_role;


--
-- Name: FUNCTION apply_rls(wal jsonb, max_record_bytes integer); Type: ACL; Schema: realtime; Owner: supabase_admin
--

GRANT ALL ON FUNCTION realtime.apply_rls(wal jsonb, max_record_bytes integer) TO postgres;
GRANT ALL ON FUNCTION realtime.apply_rls(wal jsonb, max_record_bytes integer) TO dashboard_user;
GRANT ALL ON FUNCTION realtime.apply_rls(wal jsonb, max_record_bytes integer) TO anon;
GRANT ALL ON FUNCTION realtime.apply_rls(wal jsonb, max_record_bytes integer) TO authenticated;
GRANT ALL ON FUNCTION realtime.apply_rls(wal jsonb, max_record_bytes integer) TO service_role;
GRANT ALL ON FUNCTION realtime.apply_rls(wal jsonb, max_record_bytes integer) TO supabase_realtime_admin;


--
-- Name: FUNCTION broadcast_changes(topic_name text, event_name text, operation text, table_name text, table_schema text, new record, old record, level text); Type: ACL; Schema: realtime; Owner: supabase_admin
--

GRANT ALL ON FUNCTION realtime.broadcast_changes(topic_name text, event_name text, operation text, table_name text, table_schema text, new record, old record, level text) TO postgres;
GRANT ALL ON FUNCTION realtime.broadcast_changes(topic_name text, event_name text, operation text, table_name text, table_schema text, new record, old record, level text) TO dashboard_user;


--
-- Name: FUNCTION build_prepared_statement_sql(prepared_statement_name text, entity regclass, columns realtime.wal_column[]); Type: ACL; Schema: realtime; Owner: supabase_admin
--

GRANT ALL ON FUNCTION realtime.build_prepared_statement_sql(prepared_statement_name text, entity regclass, columns realtime.wal_column[]) TO postgres;
GRANT ALL ON FUNCTION realtime.build_prepared_statement_sql(prepared_statement_name text, entity regclass, columns realtime.wal_column[]) TO dashboard_user;
GRANT ALL ON FUNCTION realtime.build_prepared_statement_sql(prepared_statement_name text, entity regclass, columns realtime.wal_column[]) TO anon;
GRANT ALL ON FUNCTION realtime.build_prepared_statement_sql(prepared_statement_name text, entity regclass, columns realtime.wal_column[]) TO authenticated;
GRANT ALL ON FUNCTION realtime.build_prepared_statement_sql(prepared_statement_name text, entity regclass, columns realtime.wal_column[]) TO service_role;
GRANT ALL ON FUNCTION realtime.build_prepared_statement_sql(prepared_statement_name text, entity regclass, columns realtime.wal_column[]) TO supabase_realtime_admin;


--
-- Name: FUNCTION "cast"(val text, type_ regtype); Type: ACL; Schema: realtime; Owner: supabase_admin
--

GRANT ALL ON FUNCTION realtime."cast"(val text, type_ regtype) TO postgres;
GRANT ALL ON FUNCTION realtime."cast"(val text, type_ regtype) TO dashboard_user;
GRANT ALL ON FUNCTION realtime."cast"(val text, type_ regtype) TO anon;
GRANT ALL ON FUNCTION realtime."cast"(val text, type_ regtype) TO authenticated;
GRANT ALL ON FUNCTION realtime."cast"(val text, type_ regtype) TO service_role;
GRANT ALL ON FUNCTION realtime."cast"(val text, type_ regtype) TO supabase_realtime_admin;


--
-- Name: FUNCTION check_equality_op(op realtime.equality_op, type_ regtype, val_1 text, val_2 text); Type: ACL; Schema: realtime; Owner: supabase_admin
--

GRANT ALL ON FUNCTION realtime.check_equality_op(op realtime.equality_op, type_ regtype, val_1 text, val_2 text) TO postgres;
GRANT ALL ON FUNCTION realtime.check_equality_op(op realtime.equality_op, type_ regtype, val_1 text, val_2 text) TO dashboard_user;
GRANT ALL ON FUNCTION realtime.check_equality_op(op realtime.equality_op, type_ regtype, val_1 text, val_2 text) TO anon;
GRANT ALL ON FUNCTION realtime.check_equality_op(op realtime.equality_op, type_ regtype, val_1 text, val_2 text) TO authenticated;
GRANT ALL ON FUNCTION realtime.check_equality_op(op realtime.equality_op, type_ regtype, val_1 text, val_2 text) TO service_role;
GRANT ALL ON FUNCTION realtime.check_equality_op(op realtime.equality_op, type_ regtype, val_1 text, val_2 text) TO supabase_realtime_admin;


--
-- Name: FUNCTION is_visible_through_filters(columns realtime.wal_column[], filters realtime.user_defined_filter[]); Type: ACL; Schema: realtime; Owner: supabase_admin
--

GRANT ALL ON FUNCTION realtime.is_visible_through_filters(columns realtime.wal_column[], filters realtime.user_defined_filter[]) TO postgres;
GRANT ALL ON FUNCTION realtime.is_visible_through_filters(columns realtime.wal_column[], filters realtime.user_defined_filter[]) TO dashboard_user;
GRANT ALL ON FUNCTION realtime.is_visible_through_filters(columns realtime.wal_column[], filters realtime.user_defined_filter[]) TO anon;
GRANT ALL ON FUNCTION realtime.is_visible_through_filters(columns realtime.wal_column[], filters realtime.user_defined_filter[]) TO authenticated;
GRANT ALL ON FUNCTION realtime.is_visible_through_filters(columns realtime.wal_column[], filters realtime.user_defined_filter[]) TO service_role;
GRANT ALL ON FUNCTION realtime.is_visible_through_filters(columns realtime.wal_column[], filters realtime.user_defined_filter[]) TO supabase_realtime_admin;


--
-- Name: FUNCTION list_changes(publication name, slot_name name, max_changes integer, max_record_bytes integer); Type: ACL; Schema: realtime; Owner: supabase_admin
--

GRANT ALL ON FUNCTION realtime.list_changes(publication name, slot_name name, max_changes integer, max_record_bytes integer) TO postgres;
GRANT ALL ON FUNCTION realtime.list_changes(publication name, slot_name name, max_changes integer, max_record_bytes integer) TO dashboard_user;
GRANT ALL ON FUNCTION realtime.list_changes(publication name, slot_name name, max_changes integer, max_record_bytes integer) TO anon;
GRANT ALL ON FUNCTION realtime.list_changes(publication name, slot_name name, max_changes integer, max_record_bytes integer) TO authenticated;
GRANT ALL ON FUNCTION realtime.list_changes(publication name, slot_name name, max_changes integer, max_record_bytes integer) TO service_role;
GRANT ALL ON FUNCTION realtime.list_changes(publication name, slot_name name, max_changes integer, max_record_bytes integer) TO supabase_realtime_admin;


--
-- Name: FUNCTION quote_wal2json(entity regclass); Type: ACL; Schema: realtime; Owner: supabase_admin
--

GRANT ALL ON FUNCTION realtime.quote_wal2json(entity regclass) TO postgres;
GRANT ALL ON FUNCTION realtime.quote_wal2json(entity regclass) TO dashboard_user;
GRANT ALL ON FUNCTION realtime.quote_wal2json(entity regclass) TO anon;
GRANT ALL ON FUNCTION realtime.quote_wal2json(entity regclass) TO authenticated;
GRANT ALL ON FUNCTION realtime.quote_wal2json(entity regclass) TO service_role;
GRANT ALL ON FUNCTION realtime.quote_wal2json(entity regclass) TO supabase_realtime_admin;


--
-- Name: FUNCTION send(payload jsonb, event text, topic text, private boolean); Type: ACL; Schema: realtime; Owner: supabase_admin
--

GRANT ALL ON FUNCTION realtime.send(payload jsonb, event text, topic text, private boolean) TO postgres;
GRANT ALL ON FUNCTION realtime.send(payload jsonb, event text, topic text, private boolean) TO dashboard_user;


--
-- Name: FUNCTION subscription_check_filters(); Type: ACL; Schema: realtime; Owner: supabase_admin
--

GRANT ALL ON FUNCTION realtime.subscription_check_filters() TO postgres;
GRANT ALL ON FUNCTION realtime.subscription_check_filters() TO dashboard_user;
GRANT ALL ON FUNCTION realtime.subscription_check_filters() TO anon;
GRANT ALL ON FUNCTION realtime.subscription_check_filters() TO authenticated;
GRANT ALL ON FUNCTION realtime.subscription_check_filters() TO service_role;
GRANT ALL ON FUNCTION realtime.subscription_check_filters() TO supabase_realtime_admin;


--
-- Name: FUNCTION to_regrole(role_name text); Type: ACL; Schema: realtime; Owner: supabase_admin
--

GRANT ALL ON FUNCTION realtime.to_regrole(role_name text) TO postgres;
GRANT ALL ON FUNCTION realtime.to_regrole(role_name text) TO dashboard_user;
GRANT ALL ON FUNCTION realtime.to_regrole(role_name text) TO anon;
GRANT ALL ON FUNCTION realtime.to_regrole(role_name text) TO authenticated;
GRANT ALL ON FUNCTION realtime.to_regrole(role_name text) TO service_role;
GRANT ALL ON FUNCTION realtime.to_regrole(role_name text) TO supabase_realtime_admin;


--
-- Name: FUNCTION topic(); Type: ACL; Schema: realtime; Owner: supabase_realtime_admin
--

GRANT ALL ON FUNCTION realtime.topic() TO postgres;
GRANT ALL ON FUNCTION realtime.topic() TO dashboard_user;


--
-- Name: FUNCTION can_insert_object(bucketid text, name text, owner uuid, metadata jsonb); Type: ACL; Schema: storage; Owner: supabase_storage_admin
--

GRANT ALL ON FUNCTION storage.can_insert_object(bucketid text, name text, owner uuid, metadata jsonb) TO postgres;


--
-- Name: FUNCTION extension(name text); Type: ACL; Schema: storage; Owner: supabase_storage_admin
--

GRANT ALL ON FUNCTION storage.extension(name text) TO postgres;


--
-- Name: FUNCTION filename(name text); Type: ACL; Schema: storage; Owner: supabase_storage_admin
--

GRANT ALL ON FUNCTION storage.filename(name text) TO postgres;


--
-- Name: FUNCTION foldername(name text); Type: ACL; Schema: storage; Owner: supabase_storage_admin
--

GRANT ALL ON FUNCTION storage.foldername(name text) TO postgres;


--
-- Name: FUNCTION get_size_by_bucket(); Type: ACL; Schema: storage; Owner: supabase_storage_admin
--

GRANT ALL ON FUNCTION storage.get_size_by_bucket() TO postgres;


--
-- Name: FUNCTION list_multipart_uploads_with_delimiter(bucket_id text, prefix_param text, delimiter_param text, max_keys integer, next_key_token text, next_upload_token text); Type: ACL; Schema: storage; Owner: supabase_storage_admin
--

GRANT ALL ON FUNCTION storage.list_multipart_uploads_with_delimiter(bucket_id text, prefix_param text, delimiter_param text, max_keys integer, next_key_token text, next_upload_token text) TO postgres;


--
-- Name: FUNCTION list_objects_with_delimiter(bucket_id text, prefix_param text, delimiter_param text, max_keys integer, start_after text, next_token text); Type: ACL; Schema: storage; Owner: supabase_storage_admin
--

GRANT ALL ON FUNCTION storage.list_objects_with_delimiter(bucket_id text, prefix_param text, delimiter_param text, max_keys integer, start_after text, next_token text) TO postgres;


--
-- Name: FUNCTION operation(); Type: ACL; Schema: storage; Owner: supabase_storage_admin
--

GRANT ALL ON FUNCTION storage.operation() TO postgres;


--
-- Name: FUNCTION search(prefix text, bucketname text, limits integer, levels integer, offsets integer, search text, sortcolumn text, sortorder text); Type: ACL; Schema: storage; Owner: supabase_storage_admin
--

GRANT ALL ON FUNCTION storage.search(prefix text, bucketname text, limits integer, levels integer, offsets integer, search text, sortcolumn text, sortorder text) TO postgres;


--
-- Name: FUNCTION update_updated_at_column(); Type: ACL; Schema: storage; Owner: supabase_storage_admin
--

GRANT ALL ON FUNCTION storage.update_updated_at_column() TO postgres;


--
-- Name: TABLE audit_log_entries; Type: ACL; Schema: auth; Owner: supabase_auth_admin
--

GRANT ALL ON TABLE auth.audit_log_entries TO dashboard_user;
GRANT INSERT,REFERENCES,DELETE,TRIGGER,TRUNCATE,UPDATE ON TABLE auth.audit_log_entries TO postgres;
GRANT SELECT ON TABLE auth.audit_log_entries TO postgres WITH GRANT OPTION;


--
-- Name: TABLE flow_state; Type: ACL; Schema: auth; Owner: supabase_auth_admin
--

GRANT INSERT,REFERENCES,DELETE,TRIGGER,TRUNCATE,UPDATE ON TABLE auth.flow_state TO postgres;
GRANT SELECT ON TABLE auth.flow_state TO postgres WITH GRANT OPTION;
GRANT ALL ON TABLE auth.flow_state TO dashboard_user;


--
-- Name: TABLE identities; Type: ACL; Schema: auth; Owner: supabase_auth_admin
--

GRANT INSERT,REFERENCES,DELETE,TRIGGER,TRUNCATE,UPDATE ON TABLE auth.identities TO postgres;
GRANT SELECT ON TABLE auth.identities TO postgres WITH GRANT OPTION;
GRANT ALL ON TABLE auth.identities TO dashboard_user;


--
-- Name: TABLE instances; Type: ACL; Schema: auth; Owner: supabase_auth_admin
--

GRANT ALL ON TABLE auth.instances TO dashboard_user;
GRANT INSERT,REFERENCES,DELETE,TRIGGER,TRUNCATE,UPDATE ON TABLE auth.instances TO postgres;
GRANT SELECT ON TABLE auth.instances TO postgres WITH GRANT OPTION;


--
-- Name: TABLE mfa_amr_claims; Type: ACL; Schema: auth; Owner: supabase_auth_admin
--

GRANT INSERT,REFERENCES,DELETE,TRIGGER,TRUNCATE,UPDATE ON TABLE auth.mfa_amr_claims TO postgres;
GRANT SELECT ON TABLE auth.mfa_amr_claims TO postgres WITH GRANT OPTION;
GRANT ALL ON TABLE auth.mfa_amr_claims TO dashboard_user;


--
-- Name: TABLE mfa_challenges; Type: ACL; Schema: auth; Owner: supabase_auth_admin
--

GRANT INSERT,REFERENCES,DELETE,TRIGGER,TRUNCATE,UPDATE ON TABLE auth.mfa_challenges TO postgres;
GRANT SELECT ON TABLE auth.mfa_challenges TO postgres WITH GRANT OPTION;
GRANT ALL ON TABLE auth.mfa_challenges TO dashboard_user;


--
-- Name: TABLE mfa_factors; Type: ACL; Schema: auth; Owner: supabase_auth_admin
--

GRANT INSERT,REFERENCES,DELETE,TRIGGER,TRUNCATE,UPDATE ON TABLE auth.mfa_factors TO postgres;
GRANT SELECT ON TABLE auth.mfa_factors TO postgres WITH GRANT OPTION;
GRANT ALL ON TABLE auth.mfa_factors TO dashboard_user;


--
-- Name: TABLE one_time_tokens; Type: ACL; Schema: auth; Owner: supabase_auth_admin
--

GRANT INSERT,REFERENCES,DELETE,TRIGGER,TRUNCATE,UPDATE ON TABLE auth.one_time_tokens TO postgres;
GRANT SELECT ON TABLE auth.one_time_tokens TO postgres WITH GRANT OPTION;
GRANT ALL ON TABLE auth.one_time_tokens TO dashboard_user;


--
-- Name: TABLE refresh_tokens; Type: ACL; Schema: auth; Owner: supabase_auth_admin
--

GRANT ALL ON TABLE auth.refresh_tokens TO dashboard_user;
GRANT INSERT,REFERENCES,DELETE,TRIGGER,TRUNCATE,UPDATE ON TABLE auth.refresh_tokens TO postgres;
GRANT SELECT ON TABLE auth.refresh_tokens TO postgres WITH GRANT OPTION;


--
-- Name: SEQUENCE refresh_tokens_id_seq; Type: ACL; Schema: auth; Owner: supabase_auth_admin
--

GRANT ALL ON SEQUENCE auth.refresh_tokens_id_seq TO dashboard_user;
GRANT ALL ON SEQUENCE auth.refresh_tokens_id_seq TO postgres;


--
-- Name: TABLE saml_providers; Type: ACL; Schema: auth; Owner: supabase_auth_admin
--

GRANT INSERT,REFERENCES,DELETE,TRIGGER,TRUNCATE,UPDATE ON TABLE auth.saml_providers TO postgres;
GRANT SELECT ON TABLE auth.saml_providers TO postgres WITH GRANT OPTION;
GRANT ALL ON TABLE auth.saml_providers TO dashboard_user;


--
-- Name: TABLE saml_relay_states; Type: ACL; Schema: auth; Owner: supabase_auth_admin
--

GRANT INSERT,REFERENCES,DELETE,TRIGGER,TRUNCATE,UPDATE ON TABLE auth.saml_relay_states TO postgres;
GRANT SELECT ON TABLE auth.saml_relay_states TO postgres WITH GRANT OPTION;
GRANT ALL ON TABLE auth.saml_relay_states TO dashboard_user;


--
-- Name: TABLE schema_migrations; Type: ACL; Schema: auth; Owner: supabase_auth_admin
--

GRANT ALL ON TABLE auth.schema_migrations TO dashboard_user;
GRANT INSERT,REFERENCES,DELETE,TRIGGER,TRUNCATE,UPDATE ON TABLE auth.schema_migrations TO postgres;
GRANT SELECT ON TABLE auth.schema_migrations TO postgres WITH GRANT OPTION;


--
-- Name: TABLE sessions; Type: ACL; Schema: auth; Owner: supabase_auth_admin
--

GRANT INSERT,REFERENCES,DELETE,TRIGGER,TRUNCATE,UPDATE ON TABLE auth.sessions TO postgres;
GRANT SELECT ON TABLE auth.sessions TO postgres WITH GRANT OPTION;
GRANT ALL ON TABLE auth.sessions TO dashboard_user;


--
-- Name: TABLE sso_domains; Type: ACL; Schema: auth; Owner: supabase_auth_admin
--

GRANT INSERT,REFERENCES,DELETE,TRIGGER,TRUNCATE,UPDATE ON TABLE auth.sso_domains TO postgres;
GRANT SELECT ON TABLE auth.sso_domains TO postgres WITH GRANT OPTION;
GRANT ALL ON TABLE auth.sso_domains TO dashboard_user;


--
-- Name: TABLE sso_providers; Type: ACL; Schema: auth; Owner: supabase_auth_admin
--

GRANT INSERT,REFERENCES,DELETE,TRIGGER,TRUNCATE,UPDATE ON TABLE auth.sso_providers TO postgres;
GRANT SELECT ON TABLE auth.sso_providers TO postgres WITH GRANT OPTION;
GRANT ALL ON TABLE auth.sso_providers TO dashboard_user;


--
-- Name: TABLE users; Type: ACL; Schema: auth; Owner: supabase_auth_admin
--

GRANT ALL ON TABLE auth.users TO dashboard_user;
GRANT INSERT,REFERENCES,DELETE,TRIGGER,TRUNCATE,UPDATE ON TABLE auth.users TO postgres;
GRANT SELECT ON TABLE auth.users TO postgres WITH GRANT OPTION;


--
-- Name: TABLE pg_stat_statements; Type: ACL; Schema: extensions; Owner: supabase_admin
--

GRANT ALL ON TABLE extensions.pg_stat_statements TO postgres WITH GRANT OPTION;
GRANT ALL ON TABLE extensions.pg_stat_statements TO dashboard_user;


--
-- Name: TABLE pg_stat_statements_info; Type: ACL; Schema: extensions; Owner: supabase_admin
--

GRANT ALL ON TABLE extensions.pg_stat_statements_info TO postgres WITH GRANT OPTION;
GRANT ALL ON TABLE extensions.pg_stat_statements_info TO dashboard_user;


--
-- Name: TABLE decrypted_key; Type: ACL; Schema: pgsodium; Owner: supabase_admin
--

GRANT ALL ON TABLE pgsodium.decrypted_key TO pgsodium_keyholder;


--
-- Name: TABLE masking_rule; Type: ACL; Schema: pgsodium; Owner: supabase_admin
--

GRANT ALL ON TABLE pgsodium.masking_rule TO pgsodium_keyholder;


--
-- Name: TABLE mask_columns; Type: ACL; Schema: pgsodium; Owner: supabase_admin
--

GRANT ALL ON TABLE pgsodium.mask_columns TO pgsodium_keyholder;


--
-- Name: TABLE blogs; Type: ACL; Schema: public; Owner: postgres
--

GRANT ALL ON TABLE public.blogs TO anon;
GRANT ALL ON TABLE public.blogs TO authenticated;
GRANT ALL ON TABLE public.blogs TO service_role;


--
-- Name: TABLE profiles; Type: ACL; Schema: public; Owner: postgres
--

GRANT ALL ON TABLE public.profiles TO anon;
GRANT ALL ON TABLE public.profiles TO authenticated;
GRANT ALL ON TABLE public.profiles TO service_role;


--
-- Name: TABLE messages; Type: ACL; Schema: realtime; Owner: supabase_realtime_admin
--

GRANT ALL ON TABLE realtime.messages TO postgres;
GRANT ALL ON TABLE realtime.messages TO dashboard_user;
GRANT SELECT,INSERT,UPDATE ON TABLE realtime.messages TO anon;
GRANT SELECT,INSERT,UPDATE ON TABLE realtime.messages TO authenticated;
GRANT SELECT,INSERT,UPDATE ON TABLE realtime.messages TO service_role;


--
-- Name: TABLE schema_migrations; Type: ACL; Schema: realtime; Owner: supabase_admin
--

GRANT ALL ON TABLE realtime.schema_migrations TO postgres;
GRANT ALL ON TABLE realtime.schema_migrations TO dashboard_user;
GRANT SELECT ON TABLE realtime.schema_migrations TO anon;
GRANT SELECT ON TABLE realtime.schema_migrations TO authenticated;
GRANT SELECT ON TABLE realtime.schema_migrations TO service_role;
GRANT ALL ON TABLE realtime.schema_migrations TO supabase_realtime_admin;


--
-- Name: TABLE subscription; Type: ACL; Schema: realtime; Owner: supabase_admin
--

GRANT ALL ON TABLE realtime.subscription TO postgres;
GRANT ALL ON TABLE realtime.subscription TO dashboard_user;
GRANT SELECT ON TABLE realtime.subscription TO anon;
GRANT SELECT ON TABLE realtime.subscription TO authenticated;
GRANT SELECT ON TABLE realtime.subscription TO service_role;
GRANT ALL ON TABLE realtime.subscription TO supabase_realtime_admin;


--
-- Name: SEQUENCE subscription_id_seq; Type: ACL; Schema: realtime; Owner: supabase_admin
--

GRANT ALL ON SEQUENCE realtime.subscription_id_seq TO postgres;
GRANT ALL ON SEQUENCE realtime.subscription_id_seq TO dashboard_user;
GRANT USAGE ON SEQUENCE realtime.subscription_id_seq TO anon;
GRANT USAGE ON SEQUENCE realtime.subscription_id_seq TO authenticated;
GRANT USAGE ON SEQUENCE realtime.subscription_id_seq TO service_role;
GRANT ALL ON SEQUENCE realtime.subscription_id_seq TO supabase_realtime_admin;


--
-- Name: TABLE buckets; Type: ACL; Schema: storage; Owner: supabase_storage_admin
--

GRANT ALL ON TABLE storage.buckets TO anon;
GRANT ALL ON TABLE storage.buckets TO authenticated;
GRANT ALL ON TABLE storage.buckets TO service_role;
GRANT ALL ON TABLE storage.buckets TO postgres;


--
-- Name: TABLE migrations; Type: ACL; Schema: storage; Owner: supabase_storage_admin
--

GRANT ALL ON TABLE storage.migrations TO anon;
GRANT ALL ON TABLE storage.migrations TO authenticated;
GRANT ALL ON TABLE storage.migrations TO service_role;
GRANT ALL ON TABLE storage.migrations TO postgres;


--
-- Name: TABLE objects; Type: ACL; Schema: storage; Owner: supabase_storage_admin
--

GRANT ALL ON TABLE storage.objects TO anon;
GRANT ALL ON TABLE storage.objects TO authenticated;
GRANT ALL ON TABLE storage.objects TO service_role;
GRANT ALL ON TABLE storage.objects TO postgres;


--
-- Name: TABLE s3_multipart_uploads; Type: ACL; Schema: storage; Owner: supabase_storage_admin
--

GRANT ALL ON TABLE storage.s3_multipart_uploads TO service_role;
GRANT SELECT ON TABLE storage.s3_multipart_uploads TO authenticated;
GRANT SELECT ON TABLE storage.s3_multipart_uploads TO anon;
GRANT ALL ON TABLE storage.s3_multipart_uploads TO postgres;


--
-- Name: TABLE s3_multipart_uploads_parts; Type: ACL; Schema: storage; Owner: supabase_storage_admin
--

GRANT ALL ON TABLE storage.s3_multipart_uploads_parts TO service_role;
GRANT SELECT ON TABLE storage.s3_multipart_uploads_parts TO authenticated;
GRANT SELECT ON TABLE storage.s3_multipart_uploads_parts TO anon;
GRANT ALL ON TABLE storage.s3_multipart_uploads_parts TO postgres;


--
-- Name: DEFAULT PRIVILEGES FOR SEQUENCES; Type: DEFAULT ACL; Schema: auth; Owner: supabase_auth_admin
--

ALTER DEFAULT PRIVILEGES FOR ROLE supabase_auth_admin IN SCHEMA auth GRANT ALL ON SEQUENCES  TO postgres;
ALTER DEFAULT PRIVILEGES FOR ROLE supabase_auth_admin IN SCHEMA auth GRANT ALL ON SEQUENCES  TO dashboard_user;


--
-- Name: DEFAULT PRIVILEGES FOR FUNCTIONS; Type: DEFAULT ACL; Schema: auth; Owner: supabase_auth_admin
--

ALTER DEFAULT PRIVILEGES FOR ROLE supabase_auth_admin IN SCHEMA auth GRANT ALL ON FUNCTIONS  TO postgres;
ALTER DEFAULT PRIVILEGES FOR ROLE supabase_auth_admin IN SCHEMA auth GRANT ALL ON FUNCTIONS  TO dashboard_user;


--
-- Name: DEFAULT PRIVILEGES FOR TABLES; Type: DEFAULT ACL; Schema: auth; Owner: supabase_auth_admin
--

ALTER DEFAULT PRIVILEGES FOR ROLE supabase_auth_admin IN SCHEMA auth GRANT ALL ON TABLES  TO postgres;
ALTER DEFAULT PRIVILEGES FOR ROLE supabase_auth_admin IN SCHEMA auth GRANT ALL ON TABLES  TO dashboard_user;


--
-- Name: DEFAULT PRIVILEGES FOR SEQUENCES; Type: DEFAULT ACL; Schema: extensions; Owner: supabase_admin
--

ALTER DEFAULT PRIVILEGES FOR ROLE supabase_admin IN SCHEMA extensions GRANT ALL ON SEQUENCES  TO postgres WITH GRANT OPTION;


--
-- Name: DEFAULT PRIVILEGES FOR FUNCTIONS; Type: DEFAULT ACL; Schema: extensions; Owner: supabase_admin
--

ALTER DEFAULT PRIVILEGES FOR ROLE supabase_admin IN SCHEMA extensions GRANT ALL ON FUNCTIONS  TO postgres WITH GRANT OPTION;


--
-- Name: DEFAULT PRIVILEGES FOR TABLES; Type: DEFAULT ACL; Schema: extensions; Owner: supabase_admin
--

ALTER DEFAULT PRIVILEGES FOR ROLE supabase_admin IN SCHEMA extensions GRANT ALL ON TABLES  TO postgres WITH GRANT OPTION;


--
-- Name: DEFAULT PRIVILEGES FOR SEQUENCES; Type: DEFAULT ACL; Schema: graphql; Owner: supabase_admin
--

ALTER DEFAULT PRIVILEGES FOR ROLE supabase_admin IN SCHEMA graphql GRANT ALL ON SEQUENCES  TO postgres;
ALTER DEFAULT PRIVILEGES FOR ROLE supabase_admin IN SCHEMA graphql GRANT ALL ON SEQUENCES  TO anon;
ALTER DEFAULT PRIVILEGES FOR ROLE supabase_admin IN SCHEMA graphql GRANT ALL ON SEQUENCES  TO authenticated;
ALTER DEFAULT PRIVILEGES FOR ROLE supabase_admin IN SCHEMA graphql GRANT ALL ON SEQUENCES  TO service_role;


--
-- Name: DEFAULT PRIVILEGES FOR FUNCTIONS; Type: DEFAULT ACL; Schema: graphql; Owner: supabase_admin
--

ALTER DEFAULT PRIVILEGES FOR ROLE supabase_admin IN SCHEMA graphql GRANT ALL ON FUNCTIONS  TO postgres;
ALTER DEFAULT PRIVILEGES FOR ROLE supabase_admin IN SCHEMA graphql GRANT ALL ON FUNCTIONS  TO anon;
ALTER DEFAULT PRIVILEGES FOR ROLE supabase_admin IN SCHEMA graphql GRANT ALL ON FUNCTIONS  TO authenticated;
ALTER DEFAULT PRIVILEGES FOR ROLE supabase_admin IN SCHEMA graphql GRANT ALL ON FUNCTIONS  TO service_role;


--
-- Name: DEFAULT PRIVILEGES FOR TABLES; Type: DEFAULT ACL; Schema: graphql; Owner: supabase_admin
--

ALTER DEFAULT PRIVILEGES FOR ROLE supabase_admin IN SCHEMA graphql GRANT ALL ON TABLES  TO postgres;
ALTER DEFAULT PRIVILEGES FOR ROLE supabase_admin IN SCHEMA graphql GRANT ALL ON TABLES  TO anon;
ALTER DEFAULT PRIVILEGES FOR ROLE supabase_admin IN SCHEMA graphql GRANT ALL ON TABLES  TO authenticated;
ALTER DEFAULT PRIVILEGES FOR ROLE supabase_admin IN SCHEMA graphql GRANT ALL ON TABLES  TO service_role;


--
-- Name: DEFAULT PRIVILEGES FOR SEQUENCES; Type: DEFAULT ACL; Schema: graphql_public; Owner: supabase_admin
--

ALTER DEFAULT PRIVILEGES FOR ROLE supabase_admin IN SCHEMA graphql_public GRANT ALL ON SEQUENCES  TO postgres;
ALTER DEFAULT PRIVILEGES FOR ROLE supabase_admin IN SCHEMA graphql_public GRANT ALL ON SEQUENCES  TO anon;
ALTER DEFAULT PRIVILEGES FOR ROLE supabase_admin IN SCHEMA graphql_public GRANT ALL ON SEQUENCES  TO authenticated;
ALTER DEFAULT PRIVILEGES FOR ROLE supabase_admin IN SCHEMA graphql_public GRANT ALL ON SEQUENCES  TO service_role;


--
-- Name: DEFAULT PRIVILEGES FOR FUNCTIONS; Type: DEFAULT ACL; Schema: graphql_public; Owner: supabase_admin
--

ALTER DEFAULT PRIVILEGES FOR ROLE supabase_admin IN SCHEMA graphql_public GRANT ALL ON FUNCTIONS  TO postgres;
ALTER DEFAULT PRIVILEGES FOR ROLE supabase_admin IN SCHEMA graphql_public GRANT ALL ON FUNCTIONS  TO anon;
ALTER DEFAULT PRIVILEGES FOR ROLE supabase_admin IN SCHEMA graphql_public GRANT ALL ON FUNCTIONS  TO authenticated;
ALTER DEFAULT PRIVILEGES FOR ROLE supabase_admin IN SCHEMA graphql_public GRANT ALL ON FUNCTIONS  TO service_role;


--
-- Name: DEFAULT PRIVILEGES FOR TABLES; Type: DEFAULT ACL; Schema: graphql_public; Owner: supabase_admin
--

ALTER DEFAULT PRIVILEGES FOR ROLE supabase_admin IN SCHEMA graphql_public GRANT ALL ON TABLES  TO postgres;
ALTER DEFAULT PRIVILEGES FOR ROLE supabase_admin IN SCHEMA graphql_public GRANT ALL ON TABLES  TO anon;
ALTER DEFAULT PRIVILEGES FOR ROLE supabase_admin IN SCHEMA graphql_public GRANT ALL ON TABLES  TO authenticated;
ALTER DEFAULT PRIVILEGES FOR ROLE supabase_admin IN SCHEMA graphql_public GRANT ALL ON TABLES  TO service_role;


--
-- Name: DEFAULT PRIVILEGES FOR SEQUENCES; Type: DEFAULT ACL; Schema: pgsodium; Owner: supabase_admin
--

ALTER DEFAULT PRIVILEGES FOR ROLE supabase_admin IN SCHEMA pgsodium GRANT ALL ON SEQUENCES  TO pgsodium_keyholder;


--
-- Name: DEFAULT PRIVILEGES FOR TABLES; Type: DEFAULT ACL; Schema: pgsodium; Owner: supabase_admin
--

ALTER DEFAULT PRIVILEGES FOR ROLE supabase_admin IN SCHEMA pgsodium GRANT ALL ON TABLES  TO pgsodium_keyholder;


--
-- Name: DEFAULT PRIVILEGES FOR SEQUENCES; Type: DEFAULT ACL; Schema: pgsodium_masks; Owner: supabase_admin
--

ALTER DEFAULT PRIVILEGES FOR ROLE supabase_admin IN SCHEMA pgsodium_masks GRANT ALL ON SEQUENCES  TO pgsodium_keyiduser;


--
-- Name: DEFAULT PRIVILEGES FOR FUNCTIONS; Type: DEFAULT ACL; Schema: pgsodium_masks; Owner: supabase_admin
--

ALTER DEFAULT PRIVILEGES FOR ROLE supabase_admin IN SCHEMA pgsodium_masks GRANT ALL ON FUNCTIONS  TO pgsodium_keyiduser;


--
-- Name: DEFAULT PRIVILEGES FOR TABLES; Type: DEFAULT ACL; Schema: pgsodium_masks; Owner: supabase_admin
--

ALTER DEFAULT PRIVILEGES FOR ROLE supabase_admin IN SCHEMA pgsodium_masks GRANT ALL ON TABLES  TO pgsodium_keyiduser;


--
-- Name: DEFAULT PRIVILEGES FOR SEQUENCES; Type: DEFAULT ACL; Schema: public; Owner: postgres
--

ALTER DEFAULT PRIVILEGES FOR ROLE postgres IN SCHEMA public GRANT ALL ON SEQUENCES  TO postgres;
ALTER DEFAULT PRIVILEGES FOR ROLE postgres IN SCHEMA public GRANT ALL ON SEQUENCES  TO anon;
ALTER DEFAULT PRIVILEGES FOR ROLE postgres IN SCHEMA public GRANT ALL ON SEQUENCES  TO authenticated;
ALTER DEFAULT PRIVILEGES FOR ROLE postgres IN SCHEMA public GRANT ALL ON SEQUENCES  TO service_role;


--
-- Name: DEFAULT PRIVILEGES FOR SEQUENCES; Type: DEFAULT ACL; Schema: public; Owner: supabase_admin
--

ALTER DEFAULT PRIVILEGES FOR ROLE supabase_admin IN SCHEMA public GRANT ALL ON SEQUENCES  TO postgres;
ALTER DEFAULT PRIVILEGES FOR ROLE supabase_admin IN SCHEMA public GRANT ALL ON SEQUENCES  TO anon;
ALTER DEFAULT PRIVILEGES FOR ROLE supabase_admin IN SCHEMA public GRANT ALL ON SEQUENCES  TO authenticated;
ALTER DEFAULT PRIVILEGES FOR ROLE supabase_admin IN SCHEMA public GRANT ALL ON SEQUENCES  TO service_role;


--
-- Name: DEFAULT PRIVILEGES FOR FUNCTIONS; Type: DEFAULT ACL; Schema: public; Owner: postgres
--

ALTER DEFAULT PRIVILEGES FOR ROLE postgres IN SCHEMA public GRANT ALL ON FUNCTIONS  TO postgres;
ALTER DEFAULT PRIVILEGES FOR ROLE postgres IN SCHEMA public GRANT ALL ON FUNCTIONS  TO anon;
ALTER DEFAULT PRIVILEGES FOR ROLE postgres IN SCHEMA public GRANT ALL ON FUNCTIONS  TO authenticated;
ALTER DEFAULT PRIVILEGES FOR ROLE postgres IN SCHEMA public GRANT ALL ON FUNCTIONS  TO service_role;


--
-- Name: DEFAULT PRIVILEGES FOR FUNCTIONS; Type: DEFAULT ACL; Schema: public; Owner: supabase_admin
--

ALTER DEFAULT PRIVILEGES FOR ROLE supabase_admin IN SCHEMA public GRANT ALL ON FUNCTIONS  TO postgres;
ALTER DEFAULT PRIVILEGES FOR ROLE supabase_admin IN SCHEMA public GRANT ALL ON FUNCTIONS  TO anon;
ALTER DEFAULT PRIVILEGES FOR ROLE supabase_admin IN SCHEMA public GRANT ALL ON FUNCTIONS  TO authenticated;
ALTER DEFAULT PRIVILEGES FOR ROLE supabase_admin IN SCHEMA public GRANT ALL ON FUNCTIONS  TO service_role;


--
-- Name: DEFAULT PRIVILEGES FOR TABLES; Type: DEFAULT ACL; Schema: public; Owner: postgres
--

ALTER DEFAULT PRIVILEGES FOR ROLE postgres IN SCHEMA public GRANT ALL ON TABLES  TO postgres;
ALTER DEFAULT PRIVILEGES FOR ROLE postgres IN SCHEMA public GRANT ALL ON TABLES  TO anon;
ALTER DEFAULT PRIVILEGES FOR ROLE postgres IN SCHEMA public GRANT ALL ON TABLES  TO authenticated;
ALTER DEFAULT PRIVILEGES FOR ROLE postgres IN SCHEMA public GRANT ALL ON TABLES  TO service_role;


--
-- Name: DEFAULT PRIVILEGES FOR TABLES; Type: DEFAULT ACL; Schema: public; Owner: supabase_admin
--

ALTER DEFAULT PRIVILEGES FOR ROLE supabase_admin IN SCHEMA public GRANT ALL ON TABLES  TO postgres;
ALTER DEFAULT PRIVILEGES FOR ROLE supabase_admin IN SCHEMA public GRANT ALL ON TABLES  TO anon;
ALTER DEFAULT PRIVILEGES FOR ROLE supabase_admin IN SCHEMA public GRANT ALL ON TABLES  TO authenticated;
ALTER DEFAULT PRIVILEGES FOR ROLE supabase_admin IN SCHEMA public GRANT ALL ON TABLES  TO service_role;


--
-- Name: DEFAULT PRIVILEGES FOR SEQUENCES; Type: DEFAULT ACL; Schema: realtime; Owner: supabase_admin
--

ALTER DEFAULT PRIVILEGES FOR ROLE supabase_admin IN SCHEMA realtime GRANT ALL ON SEQUENCES  TO postgres;
ALTER DEFAULT PRIVILEGES FOR ROLE supabase_admin IN SCHEMA realtime GRANT ALL ON SEQUENCES  TO dashboard_user;


--
-- Name: DEFAULT PRIVILEGES FOR FUNCTIONS; Type: DEFAULT ACL; Schema: realtime; Owner: supabase_admin
--

ALTER DEFAULT PRIVILEGES FOR ROLE supabase_admin IN SCHEMA realtime GRANT ALL ON FUNCTIONS  TO postgres;
ALTER DEFAULT PRIVILEGES FOR ROLE supabase_admin IN SCHEMA realtime GRANT ALL ON FUNCTIONS  TO dashboard_user;


--
-- Name: DEFAULT PRIVILEGES FOR TABLES; Type: DEFAULT ACL; Schema: realtime; Owner: supabase_admin
--

ALTER DEFAULT PRIVILEGES FOR ROLE supabase_admin IN SCHEMA realtime GRANT ALL ON TABLES  TO postgres;
ALTER DEFAULT PRIVILEGES FOR ROLE supabase_admin IN SCHEMA realtime GRANT ALL ON TABLES  TO dashboard_user;


--
-- Name: DEFAULT PRIVILEGES FOR SEQUENCES; Type: DEFAULT ACL; Schema: storage; Owner: postgres
--

ALTER DEFAULT PRIVILEGES FOR ROLE postgres IN SCHEMA storage GRANT ALL ON SEQUENCES  TO postgres;
ALTER DEFAULT PRIVILEGES FOR ROLE postgres IN SCHEMA storage GRANT ALL ON SEQUENCES  TO anon;
ALTER DEFAULT PRIVILEGES FOR ROLE postgres IN SCHEMA storage GRANT ALL ON SEQUENCES  TO authenticated;
ALTER DEFAULT PRIVILEGES FOR ROLE postgres IN SCHEMA storage GRANT ALL ON SEQUENCES  TO service_role;


--
-- Name: DEFAULT PRIVILEGES FOR FUNCTIONS; Type: DEFAULT ACL; Schema: storage; Owner: postgres
--

ALTER DEFAULT PRIVILEGES FOR ROLE postgres IN SCHEMA storage GRANT ALL ON FUNCTIONS  TO postgres;
ALTER DEFAULT PRIVILEGES FOR ROLE postgres IN SCHEMA storage GRANT ALL ON FUNCTIONS  TO anon;
ALTER DEFAULT PRIVILEGES FOR ROLE postgres IN SCHEMA storage GRANT ALL ON FUNCTIONS  TO authenticated;
ALTER DEFAULT PRIVILEGES FOR ROLE postgres IN SCHEMA storage GRANT ALL ON FUNCTIONS  TO service_role;


--
-- Name: DEFAULT PRIVILEGES FOR TABLES; Type: DEFAULT ACL; Schema: storage; Owner: postgres
--

ALTER DEFAULT PRIVILEGES FOR ROLE postgres IN SCHEMA storage GRANT ALL ON TABLES  TO postgres;
ALTER DEFAULT PRIVILEGES FOR ROLE postgres IN SCHEMA storage GRANT ALL ON TABLES  TO anon;
ALTER DEFAULT PRIVILEGES FOR ROLE postgres IN SCHEMA storage GRANT ALL ON TABLES  TO authenticated;
ALTER DEFAULT PRIVILEGES FOR ROLE postgres IN SCHEMA storage GRANT ALL ON TABLES  TO service_role;


--
-- Name: issue_graphql_placeholder; Type: EVENT TRIGGER; Schema: -; Owner: supabase_admin
--

CREATE EVENT TRIGGER issue_graphql_placeholder ON sql_drop
         WHEN TAG IN ('DROP EXTENSION')
   EXECUTE FUNCTION extensions.set_graphql_placeholder();


ALTER EVENT TRIGGER issue_graphql_placeholder OWNER TO supabase_admin;

--
-- Name: issue_pg_cron_access; Type: EVENT TRIGGER; Schema: -; Owner: supabase_admin
--

CREATE EVENT TRIGGER issue_pg_cron_access ON ddl_command_end
         WHEN TAG IN ('CREATE EXTENSION')
   EXECUTE FUNCTION extensions.grant_pg_cron_access();


ALTER EVENT TRIGGER issue_pg_cron_access OWNER TO supabase_admin;

--
-- Name: issue_pg_graphql_access; Type: EVENT TRIGGER; Schema: -; Owner: supabase_admin
--

CREATE EVENT TRIGGER issue_pg_graphql_access ON ddl_command_end
         WHEN TAG IN ('CREATE FUNCTION')
   EXECUTE FUNCTION extensions.grant_pg_graphql_access();


ALTER EVENT TRIGGER issue_pg_graphql_access OWNER TO supabase_admin;

--
-- Name: issue_pg_net_access; Type: EVENT TRIGGER; Schema: -; Owner: postgres
--

CREATE EVENT TRIGGER issue_pg_net_access ON ddl_command_end
         WHEN TAG IN ('CREATE EXTENSION')
   EXECUTE FUNCTION extensions.grant_pg_net_access();


ALTER EVENT TRIGGER issue_pg_net_access OWNER TO postgres;

--
-- Name: pgrst_ddl_watch; Type: EVENT TRIGGER; Schema: -; Owner: supabase_admin
--

CREATE EVENT TRIGGER pgrst_ddl_watch ON ddl_command_end
   EXECUTE FUNCTION extensions.pgrst_ddl_watch();


ALTER EVENT TRIGGER pgrst_ddl_watch OWNER TO supabase_admin;

--
-- Name: pgrst_drop_watch; Type: EVENT TRIGGER; Schema: -; Owner: supabase_admin
--

CREATE EVENT TRIGGER pgrst_drop_watch ON sql_drop
   EXECUTE FUNCTION extensions.pgrst_drop_watch();


ALTER EVENT TRIGGER pgrst_drop_watch OWNER TO supabase_admin;

--
-- PostgreSQL database dump complete
--

--
-- PostgreSQL database cluster dump complete
--

